policy,sample_id,label,class_index,correct
mobilenet_v3_small,e969791171f72413723a,491,491,1
mobilenet_v3_small,f164d1a7b2bfad695ace,0,0,1
mobilenet_v3_small,44d0e6aade6060dd3a4c,497,663,0
mobilenet_v3_small,b25a98271d50629a4f1d,569,675,0
mobilenet_v3_small,4820256bcd3e9dc760e4,566,566,1
mobilenet_v3_small,b683b233630b42dc4774,491,491,1
mobilenet_v3_small,4b193d510c7badf1e9d7,217,232,0
mobilenet_v3_small,ead41664127f392d4b3a,482,482,1
mobilenet_v3_small,a9ccf20cebb67562b233,491,491,1
mobilenet_v3_small,3de5f3a0109d307875a8,491,739,0
mobilenet_v3_small,cd042851c41a91dcb39d,569,569,1
mobilenet_v3_small,5986b7616a1228b54cf8,569,569,1
mobilenet_v3_small,ba3f10e49fa71222a167,482,482,1
mobilenet_v3_small,0b8b19a751055a1ec8a0,491,491,1
mobilenet_v3_small,30fb16826a0b77fbdaf0,701,701,1
mobilenet_v3_small,ddb3b09917f249dbe143,701,701,1
mobilenet_v3_small,6d7204950e9ea9baf7eb,491,491,1
mobilenet_v3_small,a0917b15d44486760f0e,497,663,0
mobilenet_v3_small,f6ff97e8bae06024f9d5,0,0,1
mobilenet_v3_small,92770e44f32b0fb3805b,569,856,0
mobilenet_v3_small,2620f63214c6d4d53a2e,497,663,0
mobilenet_v3_small,344dee6d7742b737b6b8,569,569,1
mobilenet_v3_small,9b619751b75c8a6ad1a0,482,848,0
mobilenet_v3_small,c502624fc7bb3bb7c430,217,217,1
mobilenet_v3_small,f04e6a8cd69749d35aab,569,569,1
mobilenet_v3_small,95a6d8332e65a953f807,566,566,1
mobilenet_v3_small,417536921c3e9bb251be,701,701,1
mobilenet_v3_small,13e3bcc97110094b8448,497,663,0
mobilenet_v3_small,fa8dca38dfc9570aba66,482,749,0
mobilenet_v3_small,119e22c1bc53d94525dc,497,668,0
mobilenet_v3_small,b46523267235e8ce5297,482,481,0
mobilenet_v3_small,f53fbb95080335df2c2d,0,0,1
mobilenet_v3_small,560c8d4bfd14be3e6a8a,217,217,1
mobilenet_v3_small,45bd4d0f4d7478b0cee3,569,569,1
mobilenet_v3_small,68ae5f6b4dfe6c710ddc,701,701,1
mobilenet_v3_small,6f7809e7f2cc44bd0073,217,217,1
mobilenet_v3_small,822ecb098d1efd5cc425,491,491,1
mobilenet_v3_small,5930368dd828c298772d,566,566,1
mobilenet_v3_small,71e9baf5ea98ffedf5a8,574,574,1
mobilenet_v3_small,cabe8ff46702c50e9274,571,571,1
mobilenet_v3_small,edec038dc21e45a32a00,217,227,0
mobilenet_v3_small,91bd6a57b11a9ffdc7f7,482,844,0
mobilenet_v3_small,97909eccc6227b59cdbd,491,491,1
mobilenet_v3_small,1fe86a7b0db415dc071c,566,566,1
mobilenet_v3_small,073d0199c1f24a40dc5b,217,195,0
mobilenet_v3_small,90e1209a31015bd22730,571,571,1
mobilenet_v3_small,7c84bae86fda676d4554,0,0,1
mobilenet_v3_small,a2ebfa36b363d02c435f,0,0,1
mobilenet_v3_small,e1faca667619e6e13dea,574,574,1
mobilenet_v3_small,1ce9829c757e18582436,701,701,1
mobilenet_v3_small,383867303b559ef23d2d,701,701,1
mobilenet_v3_small,1718763bdc51740a7d7a,569,569,1
mobilenet_v3_small,2eeed640e4c9f230923b,569,569,1
mobilenet_v3_small,e95f8f97b7e36d6619df,574,574,1
mobilenet_v3_small,470a9f15033b9d2fc3d8,574,574,1
mobilenet_v3_small,7bf919583e8a809b8724,0,0,1
mobilenet_v3_small,71d33942636767e8ed5a,217,217,1
mobilenet_v3_small,dfafa0b6ed6c5146f025,574,574,1
mobilenet_v3_small,8a58d7d2fbec5278ad37,491,491,1
mobilenet_v3_small,ce8529c8eee748f146d3,569,569,1
mobilenet_v3_small,9fda59f5fd0df9879327,571,571,1
mobilenet_v3_small,298fb3d15c1c56aa6a1b,497,406,0
mobilenet_v3_small,2f0b56bb43b367cf0737,217,217,1
mobilenet_v3_small,050c33a7d7f32fd92ac6,497,497,1
mobilenet_v3_small,aca16af98b818790e01b,482,674,0
mobilenet_v3_small,a829012efaba7982ccf9,566,566,1
mobilenet_v3_small,e164986e7efd9a941c8e,566,566,1
mobilenet_v3_small,441b74bb0600359a5ae1,482,713,0
mobilenet_v3_small,9663eccdcbe0b346d2fb,482,482,1
mobilenet_v3_small,17d5a963eb476a043cf3,571,571,1
mobilenet_v3_small,a090cb4a0dea5c618439,701,701,1
mobilenet_v3_small,8e0f259737a8cf29adcd,701,73,0
mobilenet_v3_small,be5eaa3600e1cc67f394,574,574,1
mobilenet_v3_small,c855206e6d49ba4dd808,701,476,0
mobilenet_v3_small,d4dcc887e7e10d2bf5fa,497,884,0
mobilenet_v3_small,42416e86d762cb8caf7a,497,497,1
mobilenet_v3_small,4b548c57634f96cce13f,574,574,1
mobilenet_v3_small,2a328ad9ed0463dd8e40,217,232,0
mobilenet_v3_small,672289c345c6b157c122,0,0,1
mobilenet_v3_small,0038ddc45cbe29596ba9,491,830,0
mobilenet_v3_small,c10444f8b888582761a4,569,675,0
mobilenet_v3_small,b0bfa88a566c909ba480,701,701,1
mobilenet_v3_small,b9dd47e849749a3e01ef,574,574,1
mobilenet_v3_small,31d5325988db9f1c752b,701,701,1
mobilenet_v3_small,f5b6098226ef6b4d3008,0,0,1
mobilenet_v3_small,66ea92408bb1d45e8a80,571,571,1
mobilenet_v3_small,ec65f302bff6f50bb8a2,497,663,0
mobilenet_v3_small,0d1cfd3c9113ab92d8a9,571,621,0
mobilenet_v3_small,971fa9f2047ef0b7580b,571,707,0
mobilenet_v3_small,a5cb5dce8fea0d78d48b,574,400,0
mobilenet_v3_small,184cfe80bff425a554eb,571,571,1
mobilenet_v3_small,b96089f5a0ee8958f842,482,590,0
mobilenet_v3_small,5f27fa39b4d1da680538,574,522,0
mobilenet_v3_small,3fcb8614fa0697512341,217,220,0
mobilenet_v3_small,39bb040fb53a1d176cae,0,116,0
mobilenet_v3_small,5722417798e696c036a9,491,491,1
mobilenet_v3_small,b3b7d952751637282f6b,701,701,1
mobilenet_v3_small,759cbbc8629f7d2e495f,569,675,0
mobilenet_v3_small,0be2554779cb63aa7570,569,569,1
mobilenet_v3_small,187e3af108481037ef18,574,574,1
mobilenet_v3_small,c855206e6d49ba4dd808,701,476,0
mobilenet_v3_small,13e3bcc97110094b8448,497,663,0
mobilenet_v3_small,b683b233630b42dc4774,491,491,1
mobilenet_v3_small,45bd4d0f4d7478b0cee3,569,569,1
mobilenet_v3_small,b46523267235e8ce5297,482,481,0
mobilenet_v3_small,f04e6a8cd69749d35aab,569,569,1
mobilenet_v3_small,417536921c3e9bb251be,701,701,1
mobilenet_v3_small,5930368dd828c298772d,566,566,1
mobilenet_v3_small,91bd6a57b11a9ffdc7f7,482,844,0
mobilenet_v3_small,44d0e6aade6060dd3a4c,497,663,0
mobilenet_v3_small,2eeed640e4c9f230923b,569,569,1
mobilenet_v3_small,b0bfa88a566c909ba480,701,701,1
mobilenet_v3_small,e1faca667619e6e13dea,574,574,1
mobilenet_v3_small,ba3f10e49fa71222a167,482,482,1
mobilenet_v3_small,66ea92408bb1d45e8a80,571,571,1
mobilenet_v3_small,92770e44f32b0fb3805b,569,856,0
mobilenet_v3_small,9663eccdcbe0b346d2fb,482,482,1
mobilenet_v3_small,344dee6d7742b737b6b8,569,569,1
mobilenet_v3_small,5f27fa39b4d1da680538,574,522,0
mobilenet_v3_small,4b193d510c7badf1e9d7,217,232,0
mobilenet_v3_small,7c84bae86fda676d4554,0,0,1
mobilenet_v3_small,184cfe80bff425a554eb,571,571,1
mobilenet_v3_small,470a9f15033b9d2fc3d8,574,574,1
mobilenet_v3_small,9fda59f5fd0df9879327,571,571,1
mobilenet_v3_small,17d5a963eb476a043cf3,571,571,1
mobilenet_v3_small,b25a98271d50629a4f1d,569,675,0
mobilenet_v3_small,5986b7616a1228b54cf8,569,569,1
mobilenet_v3_small,b3b7d952751637282f6b,701,701,1
mobilenet_v3_small,95a6d8332e65a953f807,566,566,1
mobilenet_v3_small,298fb3d15c1c56aa6a1b,497,406,0
mobilenet_v3_small,dfafa0b6ed6c5146f025,574,574,1
mobilenet_v3_small,822ecb098d1efd5cc425,491,491,1
mobilenet_v3_small,3de5f3a0109d307875a8,491,739,0
mobilenet_v3_small,6d7204950e9ea9baf7eb,491,491,1
mobilenet_v3_small,a829012efaba7982ccf9,566,566,1
mobilenet_v3_small,a9ccf20cebb67562b233,491,491,1
mobilenet_v3_small,441b74bb0600359a5ae1,482,713,0
mobilenet_v3_small,8a58d7d2fbec5278ad37,491,491,1
mobilenet_v3_small,0be2554779cb63aa7570,569,569,1
mobilenet_v3_small,ce8529c8eee748f146d3,569,569,1
mobilenet_v3_small,a5cb5dce8fea0d78d48b,574,400,0
mobilenet_v3_small,4820256bcd3e9dc760e4,566,566,1
mobilenet_v3_small,1ce9829c757e18582436,701,701,1
mobilenet_v3_small,6f7809e7f2cc44bd0073,217,217,1
mobilenet_v3_small,d4dcc887e7e10d2bf5fa,497,884,0
mobilenet_v3_small,be5eaa3600e1cc67f394,574,574,1
mobilenet_v3_small,383867303b559ef23d2d,701,701,1
mobilenet_v3_small,187e3af108481037ef18,574,574,1
mobilenet_v3_small,0038ddc45cbe29596ba9,491,830,0
mobilenet_v3_small,a2ebfa36b363d02c435f,0,0,1
mobilenet_v3_small,8e0f259737a8cf29adcd,701,73,0
mobilenet_v3_small,672289c345c6b157c122,0,0,1
mobilenet_v3_small,97909eccc6227b59cdbd,491,491,1
mobilenet_v3_small,ead41664127f392d4b3a,482,482,1
mobilenet_v3_small,e95f8f97b7e36d6619df,574,574,1
mobilenet_v3_small,4b548c57634f96cce13f,574,574,1
mobilenet_v3_small,971fa9f2047ef0b7580b,571,707,0
mobilenet_v3_small,2620f63214c6d4d53a2e,497,663,0
mobilenet_v3_small,cd042851c41a91dcb39d,569,569,1
mobilenet_v3_small,560c8d4bfd14be3e6a8a,217,217,1
mobilenet_v3_small,71d33942636767e8ed5a,217,217,1
mobilenet_v3_small,f6ff97e8bae06024f9d5,0,0,1
mobilenet_v3_small,71e9baf5ea98ffedf5a8,574,574,1
mobilenet_v3_small,30fb16826a0b77fbdaf0,701,701,1
mobilenet_v3_small,073d0199c1f24a40dc5b,217,195,0
mobilenet_v3_small,b9dd47e849749a3e01ef,574,574,1
mobilenet_v3_small,050c33a7d7f32fd92ac6,497,497,1
mobilenet_v3_small,5722417798e696c036a9,491,491,1
mobilenet_v3_small,0b8b19a751055a1ec8a0,491,491,1
mobilenet_v3_small,9b619751b75c8a6ad1a0,482,848,0
mobilenet_v3_small,31d5325988db9f1c752b,701,701,1
mobilenet_v3_small,b96089f5a0ee8958f842,482,590,0
mobilenet_v3_small,3fcb8614fa0697512341,217,220,0
mobilenet_v3_small,f164d1a7b2bfad695ace,0,0,1
mobilenet_v3_small,f53fbb95080335df2c2d,0,0,1
mobilenet_v3_small,68ae5f6b4dfe6c710ddc,701,701,1
mobilenet_v3_small,2a328ad9ed0463dd8e40,217,232,0
mobilenet_v3_small,e164986e7efd9a941c8e,566,566,1
mobilenet_v3_small,edec038dc21e45a32a00,217,227,0
mobilenet_v3_small,c502624fc7bb3bb7c430,217,217,1
mobilenet_v3_small,cabe8ff46702c50e9274,571,571,1
mobilenet_v3_small,759cbbc8629f7d2e495f,569,675,0
mobilenet_v3_small,aca16af98b818790e01b,482,674,0
mobilenet_v3_small,0d1cfd3c9113ab92d8a9,571,621,0
mobilenet_v3_small,39bb040fb53a1d176cae,0,116,0
mobilenet_v3_small,a0917b15d44486760f0e,497,663,0
mobilenet_v3_small,ddb3b09917f249dbe143,701,701,1
mobilenet_v3_small,1fe86a7b0db415dc071c,566,566,1
mobilenet_v3_small,f5b6098226ef6b4d3008,0,0,1
mobilenet_v3_small,e969791171f72413723a,491,491,1
mobilenet_v3_small,2f0b56bb43b367cf0737,217,217,1
mobilenet_v3_small,42416e86d762cb8caf7a,497,497,1
mobilenet_v3_small,7bf919583e8a809b8724,0,0,1
mobilenet_v3_small,1718763bdc51740a7d7a,569,569,1
mobilenet_v3_small,c10444f8b888582761a4,569,675,0
mobilenet_v3_small,90e1209a31015bd22730,571,571,1
mobilenet_v3_small,fa8dca38dfc9570aba66,482,749,0
mobilenet_v3_small,ec65f302bff6f50bb8a2,497,663,0
mobilenet_v3_small,119e22c1bc53d94525dc,497,668,0
mobilenet_v3_small,a090cb4a0dea5c618439,701,701,1
mobilenet_v3_small,4b548c57634f96cce13f,574,574,1
mobilenet_v3_small,9fda59f5fd0df9879327,571,571,1
mobilenet_v3_small,a0917b15d44486760f0e,497,663,0
mobilenet_v3_small,edec038dc21e45a32a00,217,227,0
mobilenet_v3_small,b9dd47e849749a3e01ef,574,574,1
mobilenet_v3_small,13e3bcc97110094b8448,497,663,0
mobilenet_v3_small,417536921c3e9bb251be,701,701,1
mobilenet_v3_small,2a328ad9ed0463dd8e40,217,232,0
mobilenet_v3_small,0d1cfd3c9113ab92d8a9,571,621,0
mobilenet_v3_small,560c8d4bfd14be3e6a8a,217,217,1
mobilenet_v3_small,1fe86a7b0db415dc071c,566,566,1
mobilenet_v3_small,17d5a963eb476a043cf3,571,571,1
mobilenet_v3_small,31d5325988db9f1c752b,701,701,1
mobilenet_v3_small,45bd4d0f4d7478b0cee3,569,569,1
mobilenet_v3_small,4820256bcd3e9dc760e4,566,566,1
mobilenet_v3_small,383867303b559ef23d2d,701,701,1
mobilenet_v3_small,0be2554779cb63aa7570,569,569,1
mobilenet_v3_small,6d7204950e9ea9baf7eb,491,491,1
mobilenet_v3_small,672289c345c6b157c122,0,0,1
mobilenet_v3_small,cabe8ff46702c50e9274,571,571,1
mobilenet_v3_small,3de5f3a0109d307875a8,491,739,0
mobilenet_v3_small,b3b7d952751637282f6b,701,701,1
mobilenet_v3_small,ddb3b09917f249dbe143,701,701,1
mobilenet_v3_small,e969791171f72413723a,491,491,1
mobilenet_v3_small,298fb3d15c1c56aa6a1b,497,406,0
mobilenet_v3_small,68ae5f6b4dfe6c710ddc,701,701,1
mobilenet_v3_small,f53fbb95080335df2c2d,0,0,1
mobilenet_v3_small,a5cb5dce8fea0d78d48b,574,400,0
mobilenet_v3_small,ec65f302bff6f50bb8a2,497,663,0
mobilenet_v3_small,a9ccf20cebb67562b233,491,491,1
mobilenet_v3_small,b25a98271d50629a4f1d,569,675,0
mobilenet_v3_small,3fcb8614fa0697512341,217,220,0
mobilenet_v3_small,4b193d510c7badf1e9d7,217,232,0
mobilenet_v3_small,b683b233630b42dc4774,491,491,1
mobilenet_v3_small,c855206e6d49ba4dd808,701,476,0
mobilenet_v3_small,050c33a7d7f32fd92ac6,497,497,1
mobilenet_v3_small,f6ff97e8bae06024f9d5,0,0,1
mobilenet_v3_small,6f7809e7f2cc44bd0073,217,217,1
mobilenet_v3_small,b0bfa88a566c909ba480,701,701,1
mobilenet_v3_small,b96089f5a0ee8958f842,482,590,0
mobilenet_v3_small,1ce9829c757e18582436,701,701,1
mobilenet_v3_small,2eeed640e4c9f230923b,569,569,1
mobilenet_v3_small,a2ebfa36b363d02c435f,0,0,1
mobilenet_v3_small,073d0199c1f24a40dc5b,217,195,0
mobilenet_v3_small,c10444f8b888582761a4,569,675,0
mobilenet_v3_small,cd042851c41a91dcb39d,569,569,1
mobilenet_v3_small,e95f8f97b7e36d6619df,574,574,1
mobilenet_v3_small,be5eaa3600e1cc67f394,574,574,1
mobilenet_v3_small,95a6d8332e65a953f807,566,566,1
mobilenet_v3_small,9663eccdcbe0b346d2fb,482,482,1
mobilenet_v3_small,5986b7616a1228b54cf8,569,569,1
mobilenet_v3_small,c502624fc7bb3bb7c430,217,217,1
mobilenet_v3_small,2f0b56bb43b367cf0737,217,217,1
mobilenet_v3_small,b46523267235e8ce5297,482,481,0
mobilenet_v3_small,ce8529c8eee748f146d3,569,569,1
mobilenet_v3_small,44d0e6aade6060dd3a4c,497,663,0
mobilenet_v3_small,dfafa0b6ed6c5146f025,574,574,1
mobilenet_v3_small,ba3f10e49fa71222a167,482,482,1
mobilenet_v3_small,30fb16826a0b77fbdaf0,701,701,1
mobilenet_v3_small,5930368dd828c298772d,566,566,1
mobilenet_v3_small,91bd6a57b11a9ffdc7f7,482,844,0
mobilenet_v3_small,e1faca667619e6e13dea,574,574,1
mobilenet_v3_small,9b619751b75c8a6ad1a0,482,848,0
mobilenet_v3_small,971fa9f2047ef0b7580b,571,707,0
mobilenet_v3_small,8e0f259737a8cf29adcd,701,73,0
mobilenet_v3_small,0b8b19a751055a1ec8a0,491,491,1
mobilenet_v3_small,7bf919583e8a809b8724,0,0,1
mobilenet_v3_small,7c84bae86fda676d4554,0,0,1
mobilenet_v3_small,fa8dca38dfc9570aba66,482,749,0
mobilenet_v3_small,759cbbc8629f7d2e495f,569,675,0
mobilenet_v3_small,2620f63214c6d4d53a2e,497,663,0
mobilenet_v3_small,71e9baf5ea98ffedf5a8,574,574,1
mobilenet_v3_small,a829012efaba7982ccf9,566,566,1
mobilenet_v3_small,f164d1a7b2bfad695ace,0,0,1
mobilenet_v3_small,97909eccc6227b59cdbd,491,491,1
mobilenet_v3_small,822ecb098d1efd5cc425,491,491,1
mobilenet_v3_small,344dee6d7742b737b6b8,569,569,1
mobilenet_v3_small,a090cb4a0dea5c618439,701,701,1
mobilenet_v3_small,0038ddc45cbe29596ba9,491,830,0
mobilenet_v3_small,92770e44f32b0fb3805b,569,856,0
mobilenet_v3_small,e164986e7efd9a941c8e,566,566,1
mobilenet_v3_small,66ea92408bb1d45e8a80,571,571,1
mobilenet_v3_small,5f27fa39b4d1da680538,574,522,0
mobilenet_v3_small,39bb040fb53a1d176cae,0,116,0
mobilenet_v3_small,5722417798e696c036a9,491,491,1
mobilenet_v3_small,470a9f15033b9d2fc3d8,574,574,1
mobilenet_v3_small,8a58d7d2fbec5278ad37,491,491,1
mobilenet_v3_small,d4dcc887e7e10d2bf5fa,497,884,0
mobilenet_v3_small,187e3af108481037ef18,574,574,1
mobilenet_v3_small,441b74bb0600359a5ae1,482,713,0
mobilenet_v3_small,119e22c1bc53d94525dc,497,668,0
mobilenet_v3_small,184cfe80bff425a554eb,571,571,1
mobilenet_v3_small,f5b6098226ef6b4d3008,0,0,1
mobilenet_v3_small,1718763bdc51740a7d7a,569,569,1
mobilenet_v3_small,42416e86d762cb8caf7a,497,497,1
mobilenet_v3_small,f04e6a8cd69749d35aab,569,569,1
mobilenet_v3_small,ead41664127f392d4b3a,482,482,1
mobilenet_v3_small,90e1209a31015bd22730,571,571,1
mobilenet_v3_small,71d33942636767e8ed5a,217,217,1
mobilenet_v3_small,aca16af98b818790e01b,482,674,0
resnet50,e969791171f72413723a,491,491,1
resnet50,f164d1a7b2bfad695ace,0,0,1
resnet50,44d0e6aade6060dd3a4c,497,442,0
resnet50,b25a98271d50629a4f1d,569,569,1
resnet50,4820256bcd3e9dc760e4,566,566,1
resnet50,b683b233630b42dc4774,491,491,1
resnet50,4b193d510c7badf1e9d7,217,217,1
resnet50,ead41664127f392d4b3a,482,482,1
resnet50,a9ccf20cebb67562b233,491,491,1
resnet50,3de5f3a0109d307875a8,491,255,0
resnet50,cd042851c41a91dcb39d,569,675,0
resnet50,5986b7616a1228b54cf8,569,569,1
resnet50,ba3f10e49fa71222a167,482,482,1
resnet50,0b8b19a751055a1ec8a0,491,491,1
resnet50,30fb16826a0b77fbdaf0,701,701,1
resnet50,ddb3b09917f249dbe143,701,701,1
resnet50,6d7204950e9ea9baf7eb,491,491,1
resnet50,a0917b15d44486760f0e,497,497,1
resnet50,f6ff97e8bae06024f9d5,0,0,1
resnet50,92770e44f32b0fb3805b,569,856,0
resnet50,2620f63214c6d4d53a2e,497,497,1
resnet50,344dee6d7742b737b6b8,569,569,1
resnet50,9b619751b75c8a6ad1a0,482,482,1
resnet50,c502624fc7bb3bb7c430,217,217,1
resnet50,f04e6a8cd69749d35aab,569,569,1
resnet50,95a6d8332e65a953f807,566,566,1
resnet50,417536921c3e9bb251be,701,701,1
resnet50,13e3bcc97110094b8448,497,698,0
resnet50,fa8dca38dfc9570aba66,482,482,1
resnet50,119e22c1bc53d94525dc,497,442,0
resnet50,b46523267235e8ce5297,482,481,0
resnet50,f53fbb95080335df2c2d,0,0,1
resnet50,560c8d4bfd14be3e6a8a,217,217,1
resnet50,45bd4d0f4d7478b0cee3,569,569,1
resnet50,68ae5f6b4dfe6c710ddc,701,701,1
resnet50,6f7809e7f2cc44bd0073,217,217,1
resnet50,822ecb098d1efd5cc425,491,491,1
resnet50,5930368dd828c298772d,566,566,1
resnet50,71e9baf5ea98ffedf5a8,574,574,1
resnet50,cabe8ff46702c50e9274,571,571,1
resnet50,edec038dc21e45a32a00,217,217,1
resnet50,91bd6a57b11a9ffdc7f7,482,844,0
resnet50,97909eccc6227b59cdbd,491,491,1
resnet50,1fe86a7b0db415dc071c,566,566,1
resnet50,073d0199c1f24a40dc5b,217,217,1
resnet50,90e1209a31015bd22730,571,571,1
resnet50,7c84bae86fda676d4554,0,0,1
resnet50,a2ebfa36b363d02c435f,0,0,1
resnet50,e1faca667619e6e13dea,574,574,1
resnet50,1ce9829c757e18582436,701,701,1
resnet50,383867303b559ef23d2d,701,701,1
resnet50,1718763bdc51740a7d7a,569,569,1
resnet50,2eeed640e4c9f230923b,569,569,1
resnet50,e95f8f97b7e36d6619df,574,574,1
resnet50,470a9f15033b9d2fc3d8,574,574,1
resnet50,7bf919583e8a809b8724,0,0,1
resnet50,71d33942636767e8ed5a,217,218,0
resnet50,dfafa0b6ed6c5146f025,574,574,1
resnet50,8a58d7d2fbec5278ad37,491,830,0
resnet50,ce8529c8eee748f146d3,569,569,1
resnet50,9fda59f5fd0df9879327,571,571,1
resnet50,298fb3d15c1c56aa6a1b,497,406,0
resnet50,2f0b56bb43b367cf0737,217,217,1
resnet50,050c33a7d7f32fd92ac6,497,497,1
resnet50,aca16af98b818790e01b,482,482,1
resnet50,a829012efaba7982ccf9,566,566,1
resnet50,e164986e7efd9a941c8e,566,566,1
resnet50,441b74bb0600359a5ae1,482,848,0
resnet50,9663eccdcbe0b346d2fb,482,482,1
resnet50,17d5a963eb476a043cf3,571,571,1
resnet50,a090cb4a0dea5c618439,701,701,1
resnet50,8e0f259737a8cf29adcd,701,701,1
resnet50,be5eaa3600e1cc67f394,574,574,1
resnet50,c855206e6d49ba4dd808,701,601,0
resnet50,d4dcc887e7e10d2bf5fa,497,884,0
resnet50,42416e86d762cb8caf7a,497,497,1
resnet50,4b548c57634f96cce13f,574,574,1
resnet50,2a328ad9ed0463dd8e40,217,9,0
resnet50,672289c345c6b157c122,0,0,1
resnet50,0038ddc45cbe29596ba9,491,450,0
resnet50,c10444f8b888582761a4,569,675,0
resnet50,b0bfa88a566c909ba480,701,701,1
resnet50,b9dd47e849749a3e01ef,574,574,1
resnet50,31d5325988db9f1c752b,701,701,1
resnet50,f5b6098226ef6b4d3008,0,0,1
resnet50,66ea92408bb1d45e8a80,571,571,1
resnet50,ec65f302bff6f50bb8a2,497,442,0
resnet50,0d1cfd3c9113ab92d8a9,571,571,1
resnet50,971fa9f2047ef0b7580b,571,571,1
resnet50,a5cb5dce8fea0d78d48b,574,574,1
resnet50,184cfe80bff425a554eb,571,571,1
resnet50,b96089f5a0ee8958f842,482,482,1
resnet50,5f27fa39b4d1da680538,574,522,0
resnet50,3fcb8614fa0697512341,217,217,1
resnet50,39bb040fb53a1d176cae,0,0,1
resnet50,5722417798e696c036a9,491,634,0
resnet50,b3b7d952751637282f6b,701,701,1
resnet50,759cbbc8629f7d2e495f,569,675,0
resnet50,0be2554779cb63aa7570,569,569,1
resnet50,187e3af108481037ef18,574,574,1
resnet50,c855206e6d49ba4dd808,701,601,0
resnet50,13e3bcc97110094b8448,497,698,0
resnet50,b683b233630b42dc4774,491,491,1
resnet50,45bd4d0f4d7478b0cee3,569,569,1
resnet50,b46523267235e8ce5297,482,481,0
resnet50,f04e6a8cd69749d35aab,569,569,1
resnet50,417536921c3e9bb251be,701,701,1
resnet50,5930368dd828c298772d,566,566,1
resnet50,91bd6a57b11a9ffdc7f7,482,844,0
resnet50,44d0e6aade6060dd3a4c,497,442,0
resnet50,2eeed640e4c9f230923b,569,569,1
resnet50,b0bfa88a566c909ba480,701,701,1
resnet50,e1faca667619e6e13dea,574,574,1
resnet50,ba3f10e49fa71222a167,482,482,1
resnet50,66ea92408bb1d45e8a80,571,571,1
resnet50,92770e44f32b0fb3805b,569,856,0
resnet50,9663eccdcbe0b346d2fb,482,482,1
resnet50,344dee6d7742b737b6b8,569,569,1
resnet50,5f27fa39b4d1da680538,574,522,0
resnet50,4b193d510c7badf1e9d7,217,217,1
resnet50,7c84bae86fda676d4554,0,0,1
resnet50,184cfe80bff425a554eb,571,571,1
resnet50,470a9f15033b9d2fc3d8,574,574,1
resnet50,9fda59f5fd0df9879327,571,571,1
resnet50,17d5a963eb476a043cf3,571,571,1
resnet50,b25a98271d50629a4f1d,569,569,1
resnet50,5986b7616a1228b54cf8,569,569,1
resnet50,b3b7d952751637282f6b,701,701,1
resnet50,95a6d8332e65a953f807,566,566,1
resnet50,298fb3d15c1c56aa6a1b,497,406,0
resnet50,dfafa0b6ed6c5146f025,574,574,1
resnet50,822ecb098d1efd5cc425,491,491,1
resnet50,3de5f3a0109d307875a8,491,255,0
resnet50,6d7204950e9ea9baf7eb,491,491,1
resnet50,a829012efaba7982ccf9,566,566,1
resnet50,a9ccf20cebb67562b233,491,491,1
resnet50,441b74bb0600359a5ae1,482,848,0
resnet50,8a58d7d2fbec5278ad37,491,830,0
resnet50,0be2554779cb63aa7570,569,569,1
resnet50,ce8529c8eee748f146d3,569,569,1
resnet50,a5cb5dce8fea0d78d48b,574,574,1
resnet50,4820256bcd3e9dc760e4,566,566,1
resnet50,1ce9829c757e18582436,701,701,1
resnet50,6f7809e7f2cc44bd0073,217,217,1
resnet50,d4dcc887e7e10d2bf5fa,497,884,0
resnet50,be5eaa3600e1cc67f394,574,574,1
resnet50,383867303b559ef23d2d,701,701,1
resnet50,187e3af108481037ef18,574,574,1
resnet50,0038ddc45cbe29596ba9,491,450,0
resnet50,a2ebfa36b363d02c435f,0,0,1
resnet50,8e0f259737a8cf29adcd,701,701,1
resnet50,672289c345c6b157c122,0,0,1
resnet50,97909eccc6227b59cdbd,491,491,1
resnet50,ead41664127f392d4b3a,482,482,1
resnet50,e95f8f97b7e36d6619df,574,574,1
resnet50,4b548c57634f96cce13f,574,574,1
resnet50,971fa9f2047ef0b7580b,571,571,1
resnet50,2620f63214c6d4d53a2e,497,497,1
resnet50,cd042851c41a91dcb39d,569,675,0
resnet50,560c8d4bfd14be3e6a8a,217,217,1
resnet50,71d33942636767e8ed5a,217,218,0
resnet50,f6ff97e8bae06024f9d5,0,0,1
resnet50,71e9baf5ea98ffedf5a8,574,574,1
resnet50,30fb16826a0b77fbdaf0,701,701,1
resnet50,073d0199c1f24a40dc5b,217,217,1
resnet50,b9dd47e849749a3e01ef,574,574,1
resnet50,050c33a7d7f32fd92ac6,497,497,1
resnet50,5722417798e696c036a9,491,634,0
resnet50,0b8b19a751055a1ec8a0,491,491,1
resnet50,9b619751b75c8a6ad1a0,482,482,1
resnet50,31d5325988db9f1c752b,701,701,1
resnet50,b96089f5a0ee8958f842,482,482,1
resnet50,3fcb8614fa0697512341,217,217,1
resnet50,f164d1a7b2bfad695ace,0,0,1
resnet50,f53fbb95080335df2c2d,0,0,1
resnet50,68ae5f6b4dfe6c710ddc,701,701,1
resnet50,2a328ad9ed0463dd8e40,217,9,0
resnet50,e164986e7efd9a941c8e,566,566,1
resnet50,edec038dc21e45a32a00,217,217,1
resnet50,c502624fc7bb3bb7c430,217,217,1
resnet50,cabe8ff46702c50e9274,571,571,1
resnet50,759cbbc8629f7d2e495f,569,675,0
resnet50,aca16af98b818790e01b,482,482,1
resnet50,0d1cfd3c9113ab92d8a9,571,571,1
resnet50,39bb040fb53a1d176cae,0,0,1
resnet50,a0917b15d44486760f0e,497,497,1
resnet50,ddb3b09917f249dbe143,701,701,1
resnet50,1fe86a7b0db415dc071c,566,566,1
resnet50,f5b6098226ef6b4d3008,0,0,1
resnet50,e969791171f72413723a,491,491,1
resnet50,2f0b56bb43b367cf0737,217,217,1
resnet50,42416e86d762cb8caf7a,497,497,1
resnet50,7bf919583e8a809b8724,0,0,1
resnet50,1718763bdc51740a7d7a,569,569,1
resnet50,c10444f8b888582761a4,569,675,0
resnet50,90e1209a31015bd22730,571,571,1
resnet50,fa8dca38dfc9570aba66,482,482,1
resnet50,ec65f302bff6f50bb8a2,497,442,0
resnet50,119e22c1bc53d94525dc,497,442,0
resnet50,a090cb4a0dea5c618439,701,701,1
resnet50,4b548c57634f96cce13f,574,574,1
resnet50,9fda59f5fd0df9879327,571,571,1
resnet50,a0917b15d44486760f0e,497,497,1
resnet50,edec038dc21e45a32a00,217,217,1
resnet50,b9dd47e849749a3e01ef,574,574,1
resnet50,13e3bcc97110094b8448,497,698,0
resnet50,417536921c3e9bb251be,701,701,1
resnet50,2a328ad9ed0463dd8e40,217,9,0
resnet50,0d1cfd3c9113ab92d8a9,571,571,1
resnet50,560c8d4bfd14be3e6a8a,217,217,1
resnet50,1fe86a7b0db415dc071c,566,566,1
resnet50,17d5a963eb476a043cf3,571,571,1
resnet50,31d5325988db9f1c752b,701,701,1
resnet50,45bd4d0f4d7478b0cee3,569,569,1
resnet50,4820256bcd3e9dc760e4,566,566,1
resnet50,383867303b559ef23d2d,701,701,1
resnet50,0be2554779cb63aa7570,569,569,1
resnet50,6d7204950e9ea9baf7eb,491,491,1
resnet50,672289c345c6b157c122,0,0,1
resnet50,cabe8ff46702c50e9274,571,571,1
resnet50,3de5f3a0109d307875a8,491,255,0
resnet50,b3b7d952751637282f6b,701,701,1
resnet50,ddb3b09917f249dbe143,701,701,1
resnet50,e969791171f72413723a,491,491,1
resnet50,298fb3d15c1c56aa6a1b,497,406,0
resnet50,68ae5f6b4dfe6c710ddc,701,701,1
resnet50,f53fbb95080335df2c2d,0,0,1
resnet50,a5cb5dce8fea0d78d48b,574,574,1
resnet50,ec65f302bff6f50bb8a2,497,442,0
resnet50,a9ccf20cebb67562b233,491,491,1
resnet50,b25a98271d50629a4f1d,569,569,1
resnet50,3fcb8614fa0697512341,217,217,1
resnet50,4b193d510c7badf1e9d7,217,217,1
resnet50,b683b233630b42dc4774,491,491,1
resnet50,c855206e6d49ba4dd808,701,601,0
resnet50,050c33a7d7f32fd92ac6,497,497,1
resnet50,f6ff97e8bae06024f9d5,0,0,1
resnet50,6f7809e7f2cc44bd0073,217,217,1
resnet50,b0bfa88a566c909ba480,701,701,1
resnet50,b96089f5a0ee8958f842,482,482,1
resnet50,1ce9829c757e18582436,701,701,1
resnet50,2eeed640e4c9f230923b,569,569,1
resnet50,a2ebfa36b363d02c435f,0,0,1
resnet50,073d0199c1f24a40dc5b,217,217,1
resnet50,c10444f8b888582761a4,569,675,0
resnet50,cd042851c41a91dcb39d,569,675,0
resnet50,e95f8f97b7e36d6619df,574,574,1
resnet50,be5eaa3600e1cc67f394,574,574,1
resnet50,95a6d8332e65a953f807,566,566,1
resnet50,9663eccdcbe0b346d2fb,482,482,1
resnet50,5986b7616a1228b54cf8,569,569,1
resnet50,c502624fc7bb3bb7c430,217,217,1
resnet50,2f0b56bb43b367cf0737,217,217,1
resnet50,b46523267235e8ce5297,482,481,0
resnet50,ce8529c8eee748f146d3,569,569,1
resnet50,44d0e6aade6060dd3a4c,497,442,0
resnet50,dfafa0b6ed6c5146f025,574,574,1
resnet50,ba3f10e49fa71222a167,482,482,1
resnet50,30fb16826a0b77fbdaf0,701,701,1
resnet50,5930368dd828c298772d,566,566,1
resnet50,91bd6a57b11a9ffdc7f7,482,844,0
resnet50,e1faca667619e6e13dea,574,574,1
resnet50,9b619751b75c8a6ad1a0,482,482,1
resnet50,971fa9f2047ef0b7580b,571,571,1
resnet50,8e0f259737a8cf29adcd,701,701,1
resnet50,0b8b19a751055a1ec8a0,491,491,1
resnet50,7bf919583e8a809b8724,0,0,1
resnet50,7c84bae86fda676d4554,0,0,1
resnet50,fa8dca38dfc9570aba66,482,482,1
resnet50,759cbbc8629f7d2e495f,569,675,0
resnet50,2620f63214c6d4d53a2e,497,497,1
resnet50,71e9baf5ea98ffedf5a8,574,574,1
resnet50,a829012efaba7982ccf9,566,566,1
resnet50,f164d1a7b2bfad695ace,0,0,1
resnet50,97909eccc6227b59cdbd,491,491,1
resnet50,822ecb098d1efd5cc425,491,491,1
resnet50,344dee6d7742b737b6b8,569,569,1
resnet50,a090cb4a0dea5c618439,701,701,1
resnet50,0038ddc45cbe29596ba9,491,450,0
resnet50,92770e44f32b0fb3805b,569,856,0
resnet50,e164986e7efd9a941c8e,566,566,1
resnet50,66ea92408bb1d45e8a80,571,571,1
resnet50,5f27fa39b4d1da680538,574,522,0
resnet50,39bb040fb53a1d176cae,0,0,1
resnet50,5722417798e696c036a9,491,634,0
resnet50,470a9f15033b9d2fc3d8,574,574,1
resnet50,8a58d7d2fbec5278ad37,491,830,0
resnet50,d4dcc887e7e10d2bf5fa,497,884,0
resnet50,187e3af108481037ef18,574,574,1
resnet50,441b74bb0600359a5ae1,482,848,0
resnet50,119e22c1bc53d94525dc,497,442,0
resnet50,184cfe80bff425a554eb,571,571,1
resnet50,f5b6098226ef6b4d3008,0,0,1
resnet50,1718763bdc51740a7d7a,569,569,1
resnet50,42416e86d762cb8caf7a,497,497,1
resnet50,f04e6a8cd69749d35aab,569,569,1
resnet50,ead41664127f392d4b3a,482,482,1
resnet50,90e1209a31015bd22730,571,571,1
resnet50,71d33942636767e8ed5a,217,218,0
resnet50,aca16af98b818790e01b,482,482,1
efficientnet_b0,e969791171f72413723a,491,491,1
efficientnet_b0,f164d1a7b2bfad695ace,0,0,1
efficientnet_b0,44d0e6aade6060dd3a4c,497,663,0
efficientnet_b0,b25a98271d50629a4f1d,569,569,1
efficientnet_b0,4820256bcd3e9dc760e4,566,566,1
efficientnet_b0,b683b233630b42dc4774,491,491,1
efficientnet_b0,4b193d510c7badf1e9d7,217,217,1
efficientnet_b0,ead41664127f392d4b3a,482,482,1
efficientnet_b0,a9ccf20cebb67562b233,491,491,1
efficientnet_b0,3de5f3a0109d307875a8,491,491,1
efficientnet_b0,cd042851c41a91dcb39d,569,569,1
efficientnet_b0,5986b7616a1228b54cf8,569,569,1
efficientnet_b0,ba3f10e49fa71222a167,482,482,1
efficientnet_b0,0b8b19a751055a1ec8a0,491,491,1
efficientnet_b0,30fb16826a0b77fbdaf0,701,701,1
efficientnet_b0,ddb3b09917f249dbe143,701,701,1
efficientnet_b0,6d7204950e9ea9baf7eb,491,491,1
efficientnet_b0,a0917b15d44486760f0e,497,497,1
efficientnet_b0,f6ff97e8bae06024f9d5,0,0,1
efficientnet_b0,92770e44f32b0fb3805b,569,856,0
efficientnet_b0,2620f63214c6d4d53a2e,497,663,0
efficientnet_b0,344dee6d7742b737b6b8,569,569,1
efficientnet_b0,9b619751b75c8a6ad1a0,482,848,0
efficientnet_b0,c502624fc7bb3bb7c430,217,217,1
efficientnet_b0,f04e6a8cd69749d35aab,569,569,1
efficientnet_b0,95a6d8332e65a953f807,566,566,1
efficientnet_b0,417536921c3e9bb251be,701,701,1
efficientnet_b0,13e3bcc97110094b8448,497,663,0
efficientnet_b0,fa8dca38dfc9570aba66,482,482,1
efficientnet_b0,119e22c1bc53d94525dc,497,663,0
efficientnet_b0,b46523267235e8ce5297,482,481,0
efficientnet_b0,f53fbb95080335df2c2d,0,0,1
efficientnet_b0,560c8d4bfd14be3e6a8a,217,217,1
efficientnet_b0,45bd4d0f4d7478b0cee3,569,867,0
efficientnet_b0,68ae5f6b4dfe6c710ddc,701,701,1
efficientnet_b0,6f7809e7f2cc44bd0073,217,217,1
efficientnet_b0,822ecb098d1efd5cc425,491,491,1
efficientnet_b0,5930368dd828c298772d,566,566,1
efficientnet_b0,71e9baf5ea98ffedf5a8,574,574,1
efficientnet_b0,cabe8ff46702c50e9274,571,571,1
efficientnet_b0,edec038dc21e45a32a00,217,232,0
efficientnet_b0,91bd6a57b11a9ffdc7f7,482,844,0
efficientnet_b0,97909eccc6227b59cdbd,491,491,1
efficientnet_b0,1fe86a7b0db415dc071c,566,566,1
efficientnet_b0,073d0199c1f24a40dc5b,217,217,1
efficientnet_b0,90e1209a31015bd22730,571,571,1
efficientnet_b0,7c84bae86fda676d4554,0,0,1
efficientnet_b0,a2ebfa36b363d02c435f,0,0,1
efficientnet_b0,e1faca667619e6e13dea,574,574,1
efficientnet_b0,1ce9829c757e18582436,701,701,1
efficientnet_b0,383867303b559ef23d2d,701,701,1
efficientnet_b0,1718763bdc51740a7d7a,569,569,1
efficientnet_b0,2eeed640e4c9f230923b,569,569,1
efficientnet_b0,e95f8f97b7e36d6619df,574,574,1
efficientnet_b0,470a9f15033b9d2fc3d8,574,574,1
efficientnet_b0,7bf919583e8a809b8724,0,0,1
efficientnet_b0,71d33942636767e8ed5a,217,218,0
efficientnet_b0,dfafa0b6ed6c5146f025,574,574,1
efficientnet_b0,8a58d7d2fbec5278ad37,491,491,1
efficientnet_b0,ce8529c8eee748f146d3,569,569,1
efficientnet_b0,9fda59f5fd0df9879327,571,571,1
efficientnet_b0,298fb3d15c1c56aa6a1b,497,406,0
efficientnet_b0,2f0b56bb43b367cf0737,217,217,1
efficientnet_b0,050c33a7d7f32fd92ac6,497,497,1
efficientnet_b0,aca16af98b818790e01b,482,482,1
efficientnet_b0,a829012efaba7982ccf9,566,566,1
efficientnet_b0,e164986e7efd9a941c8e,566,566,1
efficientnet_b0,441b74bb0600359a5ae1,482,848,0
efficientnet_b0,9663eccdcbe0b346d2fb,482,662,0
efficientnet_b0,17d5a963eb476a043cf3,571,571,1
efficientnet_b0,a090cb4a0dea5c618439,701,701,1
efficientnet_b0,8e0f259737a8cf29adcd,701,701,1
efficientnet_b0,be5eaa3600e1cc67f394,574,574,1
efficientnet_b0,c855206e6d49ba4dd808,701,854,0
efficientnet_b0,d4dcc887e7e10d2bf5fa,497,884,0
efficientnet_b0,42416e86d762cb8caf7a,497,497,1
efficientnet_b0,4b548c57634f96cce13f,574,574,1
efficientnet_b0,2a328ad9ed0463dd8e40,217,212,0
efficientnet_b0,672289c345c6b157c122,0,389,0
efficientnet_b0,0038ddc45cbe29596ba9,491,491,1
efficientnet_b0,c10444f8b888582761a4,569,569,1
efficientnet_b0,b0bfa88a566c909ba480,701,701,1
efficientnet_b0,b9dd47e849749a3e01ef,574,574,1
efficientnet_b0,31d5325988db9f1c752b,701,701,1
efficientnet_b0,f5b6098226ef6b4d3008,0,0,1
efficientnet_b0,66ea92408bb1d45e8a80,571,571,1
efficientnet_b0,ec65f302bff6f50bb8a2,497,663,0
efficientnet_b0,0d1cfd3c9113ab92d8a9,571,571,1
efficientnet_b0,971fa9f2047ef0b7580b,571,571,1
efficientnet_b0,a5cb5dce8fea0d78d48b,574,574,1
efficientnet_b0,184cfe80bff425a554eb,571,571,1
efficientnet_b0,b96089f5a0ee8958f842,482,590,0
efficientnet_b0,5f27fa39b4d1da680538,574,574,1
efficientnet_b0,3fcb8614fa0697512341,217,217,1
efficientnet_b0,39bb040fb53a1d176cae,0,0,1
efficientnet_b0,5722417798e696c036a9,491,856,0
efficientnet_b0,b3b7d952751637282f6b,701,701,1
efficientnet_b0,759cbbc8629f7d2e495f,569,569,1
efficientnet_b0,0be2554779cb63aa7570,569,569,1
efficientnet_b0,187e3af108481037ef18,574,574,1
efficientnet_b0,c855206e6d49ba4dd808,701,854,0
efficientnet_b0,13e3bcc97110094b8448,497,663,0
efficientnet_b0,b683b233630b42dc4774,491,491,1
efficientnet_b0,45bd4d0f4d7478b0cee3,569,867,0
efficientnet_b0,b46523267235e8ce5297,482,481,0
efficientnet_b0,f04e6a8cd69749d35aab,569,569,1
efficientnet_b0,417536921c3e9bb251be,701,701,1
efficientnet_b0,5930368dd828c298772d,566,566,1
efficientnet_b0,91bd6a57b11a9ffdc7f7,482,844,0
efficientnet_b0,44d0e6aade6060dd3a4c,497,663,0
efficientnet_b0,2eeed640e4c9f230923b,569,569,1
efficientnet_b0,b0bfa88a566c909ba480,701,701,1
efficientnet_b0,e1faca667619e6e13dea,574,574,1
efficientnet_b0,ba3f10e49fa71222a167,482,482,1
efficientnet_b0,66ea92408bb1d45e8a80,571,571,1
efficientnet_b0,92770e44f32b0fb3805b,569,856,0
efficientnet_b0,9663eccdcbe0b346d2fb,482,662,0
efficientnet_b0,344dee6d7742b737b6b8,569,569,1
efficientnet_b0,5f27fa39b4d1da680538,574,574,1
efficientnet_b0,4b193d510c7badf1e9d7,217,217,1
efficientnet_b0,7c84bae86fda676d4554,0,0,1
efficientnet_b0,184cfe80bff425a554eb,571,571,1
efficientnet_b0,470a9f15033b9d2fc3d8,574,574,1
efficientnet_b0,9fda59f5fd0df9879327,571,571,1
efficientnet_b0,17d5a963eb476a043cf3,571,571,1
efficientnet_b0,b25a98271d50629a4f1d,569,569,1
efficientnet_b0,5986b7616a1228b54cf8,569,569,1
efficientnet_b0,b3b7d952751637282f6b,701,701,1
efficientnet_b0,95a6d8332e65a953f807,566,566,1
efficientnet_b0,298fb3d15c1c56aa6a1b,497,406,0
efficientnet_b0,dfafa0b6ed6c5146f025,574,574,1
efficientnet_b0,822ecb098d1efd5cc425,491,491,1
efficientnet_b0,3de5f3a0109d307875a8,491,491,1
efficientnet_b0,6d7204950e9ea9baf7eb,491,491,1
efficientnet_b0,a829012efaba7982ccf9,566,566,1
efficientnet_b0,a9ccf20cebb67562b233,491,491,1
efficientnet_b0,441b74bb0600359a5ae1,482,848,0
efficientnet_b0,8a58d7d2fbec5278ad37,491,491,1
efficientnet_b0,0be2554779cb63aa7570,569,569,1
efficientnet_b0,ce8529c8eee748f146d3,569,569,1
efficientnet_b0,a5cb5dce8fea0d78d48b,574,574,1
efficientnet_b0,4820256bcd3e9dc760e4,566,566,1
efficientnet_b0,1ce9829c757e18582436,701,701,1
efficientnet_b0,6f7809e7f2cc44bd0073,217,217,1
efficientnet_b0,d4dcc887e7e10d2bf5fa,497,884,0
efficientnet_b0,be5eaa3600e1cc67f394,574,574,1
efficientnet_b0,383867303b559ef23d2d,701,701,1
efficientnet_b0,187e3af108481037ef18,574,574,1
efficientnet_b0,0038ddc45cbe29596ba9,491,491,1
efficientnet_b0,a2ebfa36b363d02c435f,0,0,1
efficientnet_b0,8e0f259737a8cf29adcd,701,701,1
efficientnet_b0,672289c345c6b157c122,0,389,0
efficientnet_b0,97909eccc6227b59cdbd,491,491,1
efficientnet_b0,ead41664127f392d4b3a,482,482,1
efficientnet_b0,e95f8f97b7e36d6619df,574,574,1
efficientnet_b0,4b548c57634f96cce13f,574,574,1
efficientnet_b0,971fa9f2047ef0b7580b,571,571,1
efficientnet_b0,2620f63214c6d4d53a2e,497,663,0
efficientnet_b0,cd042851c41a91dcb39d,569,569,1
efficientnet_b0,560c8d4bfd14be3e6a8a,217,217,1
efficientnet_b0,71d33942636767e8ed5a,217,218,0
efficientnet_b0,f6ff97e8bae06024f9d5,0,0,1
efficientnet_b0,71e9baf5ea98ffedf5a8,574,574,1
efficientnet_b0,30fb16826a0b77fbdaf0,701,701,1
efficientnet_b0,073d0199c1f24a40dc5b,217,217,1
efficientnet_b0,b9dd47e849749a3e01ef,574,574,1
efficientnet_b0,050c33a7d7f32fd92ac6,497,497,1
efficientnet_b0,5722417798e696c036a9,491,856,0
efficientnet_b0,0b8b19a751055a1ec8a0,491,491,1
efficientnet_b0,9b619751b75c8a6ad1a0,482,848,0
efficientnet_b0,31d5325988db9f1c752b,701,701,1
efficientnet_b0,b96089f5a0ee8958f842,482,590,0
efficientnet_b0,3fcb8614fa0697512341,217,217,1
efficientnet_b0,f164d1a7b2bfad695ace,0,0,1
efficientnet_b0,f53fbb95080335df2c2d,0,0,1
efficientnet_b0,68ae5f6b4dfe6c710ddc,701,701,1
efficientnet_b0,2a328ad9ed0463dd8e40,217,212,0
efficientnet_b0,e164986e7efd9a941c8e,566,566,1
efficientnet_b0,edec038dc21e45a32a00,217,232,0
efficientnet_b0,c502624fc7bb3bb7c430,217,217,1
efficientnet_b0,cabe8ff46702c50e9274,571,571,1
efficientnet_b0,759cbbc8629f7d2e495f,569,569,1
efficientnet_b0,aca16af98b818790e01b,482,482,1
efficientnet_b0,0d1cfd3c9113ab92d8a9,571,571,1
efficientnet_b0,39bb040fb53a1d176cae,0,0,1
efficientnet_b0,a0917b15d44486760f0e,497,497,1
efficientnet_b0,ddb3b09917f249dbe143,701,701,1
efficientnet_b0,1fe86a7b0db415dc071c,566,566,1
efficientnet_b0,f5b6098226ef6b4d3008,0,0,1
efficientnet_b0,e969791171f72413723a,491,491,1
efficientnet_b0,2f0b56bb43b367cf0737,217,217,1
efficientnet_b0,42416e86d762cb8caf7a,497,497,1
efficientnet_b0,7bf919583e8a809b8724,0,0,1
efficientnet_b0,1718763bdc51740a7d7a,569,569,1
efficientnet_b0,c10444f8b888582761a4,569,569,1
efficientnet_b0,90e1209a31015bd22730,571,571,1
efficientnet_b0,fa8dca38dfc9570aba66,482,482,1
efficientnet_b0,ec65f302bff6f50bb8a2,497,663,0
efficientnet_b0,119e22c1bc53d94525dc,497,663,0
efficientnet_b0,a090cb4a0dea5c618439,701,701,1
efficientnet_b0,4b548c57634f96cce13f,574,574,1
efficientnet_b0,9fda59f5fd0df9879327,571,571,1
efficientnet_b0,a0917b15d44486760f0e,497,497,1
efficientnet_b0,edec038dc21e45a32a00,217,232,0
efficientnet_b0,b9dd47e849749a3e01ef,574,574,1
efficientnet_b0,13e3bcc97110094b8448,497,663,0
efficientnet_b0,417536921c3e9bb251be,701,701,1
efficientnet_b0,2a328ad9ed0463dd8e40,217,212,0
efficientnet_b0,0d1cfd3c9113ab92d8a9,571,571,1
efficientnet_b0,560c8d4bfd14be3e6a8a,217,217,1
efficientnet_b0,1fe86a7b0db415dc071c,566,566,1
efficientnet_b0,17d5a963eb476a043cf3,571,571,1
efficientnet_b0,31d5325988db9f1c752b,701,701,1
efficientnet_b0,45bd4d0f4d7478b0cee3,569,867,0
efficientnet_b0,4820256bcd3e9dc760e4,566,566,1
efficientnet_b0,383867303b559ef23d2d,701,701,1
efficientnet_b0,0be2554779cb63aa7570,569,569,1
efficientnet_b0,6d7204950e9ea9baf7eb,491,491,1
efficientnet_b0,672289c345c6b157c122,0,389,0
efficientnet_b0,cabe8ff46702c50e9274,571,571,1
efficientnet_b0,3de5f3a0109d307875a8,491,491,1
efficientnet_b0,b3b7d952751637282f6b,701,701,1
efficientnet_b0,ddb3b09917f249dbe143,701,701,1
efficientnet_b0,e969791171f72413723a,491,491,1
efficientnet_b0,298fb3d15c1c56aa6a1b,497,406,0
efficientnet_b0,68ae5f6b4dfe6c710ddc,701,701,1
efficientnet_b0,f53fbb95080335df2c2d,0,0,1
efficientnet_b0,a5cb5dce8fea0d78d48b,574,574,1
efficientnet_b0,ec65f302bff6f50bb8a2,497,663,0
efficientnet_b0,a9ccf20cebb67562b233,491,491,1
efficientnet_b0,b25a98271d50629a4f1d,569,569,1
efficientnet_b0,3fcb8614fa0697512341,217,217,1
efficientnet_b0,4b193d510c7badf1e9d7,217,217,1
efficientnet_b0,b683b233630b42dc4774,491,491,1
efficientnet_b0,c855206e6d49ba4dd808,701,854,0
efficientnet_b0,050c33a7d7f32fd92ac6,497,497,1
efficientnet_b0,f6ff97e8bae06024f9d5,0,0,1
efficientnet_b0,6f7809e7f2cc44bd0073,217,217,1
efficientnet_b0,b0bfa88a566c909ba480,701,701,1
efficientnet_b0,b96089f5a0ee8958f842,482,590,0
efficientnet_b0,1ce9829c757e18582436,701,701,1
efficientnet_b0,2eeed640e4c9f230923b,569,569,1
efficientnet_b0,a2ebfa36b363d02c435f,0,0,1
efficientnet_b0,073d0199c1f24a40dc5b,217,217,1
efficientnet_b0,c10444f8b888582761a4,569,569,1
efficientnet_b0,cd042851c41a91dcb39d,569,569,1
efficientnet_b0,e95f8f97b7e36d6619df,574,574,1
efficientnet_b0,be5eaa3600e1cc67f394,574,574,1
efficientnet_b0,95a6d8332e65a953f807,566,566,1
efficientnet_b0,9663eccdcbe0b346d2fb,482,662,0
efficientnet_b0,5986b7616a1228b54cf8,569,569,1
efficientnet_b0,c502624fc7bb3bb7c430,217,217,1
efficientnet_b0,2f0b56bb43b367cf0737,217,217,1
efficientnet_b0,b46523267235e8ce5297,482,481,0
efficientnet_b0,ce8529c8eee748f146d3,569,569,1
efficientnet_b0,44d0e6aade6060dd3a4c,497,663,0
efficientnet_b0,dfafa0b6ed6c5146f025,574,574,1
efficientnet_b0,ba3f10e49fa71222a167,482,482,1
efficientnet_b0,30fb16826a0b77fbdaf0,701,701,1
efficientnet_b0,5930368dd828c298772d,566,566,1
efficientnet_b0,91bd6a57b11a9ffdc7f7,482,844,0
efficientnet_b0,e1faca667619e6e13dea,574,574,1
efficientnet_b0,9b619751b75c8a6ad1a0,482,848,0
efficientnet_b0,971fa9f2047ef0b7580b,571,571,1
efficientnet_b0,8e0f259737a8cf29adcd,701,701,1
efficientnet_b0,0b8b19a751055a1ec8a0,491,491,1
efficientnet_b0,7bf919583e8a809b8724,0,0,1
efficientnet_b0,7c84bae86fda676d4554,0,0,1
efficientnet_b0,fa8dca38dfc9570aba66,482,482,1
efficientnet_b0,759cbbc8629f7d2e495f,569,569,1
efficientnet_b0,2620f63214c6d4d53a2e,497,663,0
efficientnet_b0,71e9baf5ea98ffedf5a8,574,574,1
efficientnet_b0,a829012efaba7982ccf9,566,566,1
efficientnet_b0,f164d1a7b2bfad695ace,0,0,1
efficientnet_b0,97909eccc6227b59cdbd,491,491,1
efficientnet_b0,822ecb098d1efd5cc425,491,491,1
efficientnet_b0,344dee6d7742b737b6b8,569,569,1
efficientnet_b0,a090cb4a0dea5c618439,701,701,1
efficientnet_b0,0038ddc45cbe29596ba9,491,491,1
efficientnet_b0,92770e44f32b0fb3805b,569,856,0
efficientnet_b0,e164986e7efd9a941c8e,566,566,1
efficientnet_b0,66ea92408bb1d45e8a80,571,571,1
efficientnet_b0,5f27fa39b4d1da680538,574,574,1
efficientnet_b0,39bb040fb53a1d176cae,0,0,1
efficientnet_b0,5722417798e696c036a9,491,856,0
efficientnet_b0,470a9f15033b9d2fc3d8,574,574,1
efficientnet_b0,8a58d7d2fbec5278ad37,491,491,1
efficientnet_b0,d4dcc887e7e10d2bf5fa,497,884,0
efficientnet_b0,187e3af108481037ef18,574,574,1
efficientnet_b0,441b74bb0600359a5ae1,482,848,0
efficientnet_b0,119e22c1bc53d94525dc,497,663,0
efficientnet_b0,184cfe80bff425a554eb,571,571,1
efficientnet_b0,f5b6098226ef6b4d3008,0,0,1
efficientnet_b0,1718763bdc51740a7d7a,569,569,1
efficientnet_b0,42416e86d762cb8caf7a,497,497,1
efficientnet_b0,f04e6a8cd69749d35aab,569,569,1
efficientnet_b0,ead41664127f392d4b3a,482,482,1
efficientnet_b0,90e1209a31015bd22730,571,571,1
efficientnet_b0,71d33942636767e8ed5a,217,218,0
efficientnet_b0,aca16af98b818790e01b,482,482,1
rule,e969791171f72413723a,491,491,1
rule,f164d1a7b2bfad695ace,0,0,1
rule,44d0e6aade6060dd3a4c,497,663,0
rule,b25a98271d50629a4f1d,569,569,1
rule,4820256bcd3e9dc760e4,566,566,1
rule,b683b233630b42dc4774,491,491,1
rule,4b193d510c7badf1e9d7,217,232,0
rule,ead41664127f392d4b3a,482,482,1
rule,a9ccf20cebb67562b233,491,491,1
rule,3de5f3a0109d307875a8,491,491,1
rule,cd042851c41a91dcb39d,569,569,1
rule,5986b7616a1228b54cf8,569,569,1
rule,ba3f10e49fa71222a167,482,482,1
rule,0b8b19a751055a1ec8a0,491,491,1
rule,30fb16826a0b77fbdaf0,701,701,1
rule,ddb3b09917f249dbe143,701,701,1
rule,6d7204950e9ea9baf7eb,491,491,1
rule,a0917b15d44486760f0e,497,497,1
rule,f6ff97e8bae06024f9d5,0,0,1
rule,92770e44f32b0fb3805b,569,856,0
rule,2620f63214c6d4d53a2e,497,663,0
rule,344dee6d7742b737b6b8,569,569,1
rule,9b619751b75c8a6ad1a0,482,848,0
rule,c502624fc7bb3bb7c430,217,217,1
rule,f04e6a8cd69749d35aab,569,569,1
rule,95a6d8332e65a953f807,566,566,1
rule,417536921c3e9bb251be,701,701,1
rule,13e3bcc97110094b8448,497,663,0
rule,fa8dca38dfc9570aba66,482,749,0
rule,119e22c1bc53d94525dc,497,663,0
rule,b46523267235e8ce5297,482,481,0
rule,f53fbb95080335df2c2d,0,0,1
rule,560c8d4bfd14be3e6a8a,217,217,1
rule,45bd4d0f4d7478b0cee3,569,867,0
rule,68ae5f6b4dfe6c710ddc,701,701,1
rule,6f7809e7f2cc44bd0073,217,217,1
rule,822ecb098d1efd5cc425,491,491,1
rule,5930368dd828c298772d,566,566,1
rule,71e9baf5ea98ffedf5a8,574,574,1
rule,cabe8ff46702c50e9274,571,571,1
rule,edec038dc21e45a32a00,217,227,0
rule,91bd6a57b11a9ffdc7f7,482,844,0
rule,97909eccc6227b59cdbd,491,491,1
rule,1fe86a7b0db415dc071c,566,566,1
rule,073d0199c1f24a40dc5b,217,217,1
rule,90e1209a31015bd22730,571,571,1
rule,7c84bae86fda676d4554,0,0,1
rule,a2ebfa36b363d02c435f,0,0,1
rule,e1faca667619e6e13dea,574,574,1
rule,1ce9829c757e18582436,701,701,1
rule,383867303b559ef23d2d,701,701,1
rule,1718763bdc51740a7d7a,569,569,1
rule,2eeed640e4c9f230923b,569,569,1
rule,e95f8f97b7e36d6619df,574,574,1
rule,470a9f15033b9d2fc3d8,574,574,1
rule,7bf919583e8a809b8724,0,0,1
rule,71d33942636767e8ed5a,217,218,0
rule,dfafa0b6ed6c5146f025,574,574,1
rule,8a58d7d2fbec5278ad37,491,491,1
rule,ce8529c8eee748f146d3,569,569,1
rule,9fda59f5fd0df9879327,571,571,1
rule,298fb3d15c1c56aa6a1b,497,406,0
rule,2f0b56bb43b367cf0737,217,217,1
rule,050c33a7d7f32fd92ac6,497,497,1
rule,aca16af98b818790e01b,482,482,1
rule,a829012efaba7982ccf9,566,566,1
rule,e164986e7efd9a941c8e,566,566,1
rule,441b74bb0600359a5ae1,482,848,0
rule,9663eccdcbe0b346d2fb,482,482,1
rule,17d5a963eb476a043cf3,571,571,1
rule,a090cb4a0dea5c618439,701,701,1
rule,8e0f259737a8cf29adcd,701,73,0
rule,be5eaa3600e1cc67f394,574,574,1
rule,c855206e6d49ba4dd808,701,854,0
rule,d4dcc887e7e10d2bf5fa,497,884,0
rule,42416e86d762cb8caf7a,497,497,1
rule,4b548c57634f96cce13f,574,574,1
rule,2a328ad9ed0463dd8e40,217,232,0
rule,672289c345c6b157c122,0,389,0
rule,0038ddc45cbe29596ba9,491,491,1
rule,c10444f8b888582761a4,569,569,1
rule,b0bfa88a566c909ba480,701,701,1
rule,b9dd47e849749a3e01ef,574,574,1
rule,31d5325988db9f1c752b,701,701,1
rule,f5b6098226ef6b4d3008,0,0,1
rule,66ea92408bb1d45e8a80,571,571,1
rule,ec65f302bff6f50bb8a2,497,663,0
rule,0d1cfd3c9113ab92d8a9,571,571,1
rule,971fa9f2047ef0b7580b,571,707,0
rule,a5cb5dce8fea0d78d48b,574,400,0
rule,184cfe80bff425a554eb,571,571,1
rule,b96089f5a0ee8958f842,482,590,0
rule,5f27fa39b4d1da680538,574,522,0
rule,3fcb8614fa0697512341,217,217,1
rule,39bb040fb53a1d176cae,0,0,1
rule,5722417798e696c036a9,491,856,0
rule,b3b7d952751637282f6b,701,701,1
rule,759cbbc8629f7d2e495f,569,569,1
rule,0be2554779cb63aa7570,569,569,1
rule,187e3af108481037ef18,574,574,1
rule,c855206e6d49ba4dd808,701,854,0
rule,13e3bcc97110094b8448,497,663,0
rule,b683b233630b42dc4774,491,491,1
rule,45bd4d0f4d7478b0cee3,569,867,0
rule,b46523267235e8ce5297,482,481,0
rule,f04e6a8cd69749d35aab,569,569,1
rule,417536921c3e9bb251be,701,701,1
rule,5930368dd828c298772d,566,566,1
rule,91bd6a57b11a9ffdc7f7,482,844,0
rule,44d0e6aade6060dd3a4c,497,663,0
rule,2eeed640e4c9f230923b,569,569,1
rule,b0bfa88a566c909ba480,701,701,1
rule,e1faca667619e6e13dea,574,574,1
rule,ba3f10e49fa71222a167,482,482,1
rule,66ea92408bb1d45e8a80,571,571,1
rule,92770e44f32b0fb3805b,569,856,0
rule,9663eccdcbe0b346d2fb,482,482,1
rule,344dee6d7742b737b6b8,569,569,1
rule,5f27fa39b4d1da680538,574,522,0
rule,4b193d510c7badf1e9d7,217,232,0
rule,7c84bae86fda676d4554,0,0,1
rule,184cfe80bff425a554eb,571,571,1
rule,470a9f15033b9d2fc3d8,574,574,1
rule,9fda59f5fd0df9879327,571,571,1
rule,17d5a963eb476a043cf3,571,571,1
rule,b25a98271d50629a4f1d,569,569,1
rule,5986b7616a1228b54cf8,569,569,1
rule,b3b7d952751637282f6b,701,701,1
rule,95a6d8332e65a953f807,566,566,1
rule,298fb3d15c1c56aa6a1b,497,406,0
rule,dfafa0b6ed6c5146f025,574,574,1
rule,822ecb098d1efd5cc425,491,491,1
rule,3de5f3a0109d307875a8,491,491,1
rule,6d7204950e9ea9baf7eb,491,491,1
rule,a829012efaba7982ccf9,566,566,1
rule,a9ccf20cebb67562b233,491,491,1
rule,441b74bb0600359a5ae1,482,848,0
rule,8a58d7d2fbec5278ad37,491,491,1
rule,0be2554779cb63aa7570,569,569,1
rule,ce8529c8eee748f146d3,569,569,1
rule,a5cb5dce8fea0d78d48b,574,400,0
rule,4820256bcd3e9dc760e4,566,566,1
rule,1ce9829c757e18582436,701,701,1
rule,6f7809e7f2cc44bd0073,217,217,1
rule,d4dcc887e7e10d2bf5fa,497,884,0
rule,be5eaa3600e1cc67f394,574,574,1
rule,383867303b559ef23d2d,701,701,1
rule,187e3af108481037ef18,574,574,1
rule,0038ddc45cbe29596ba9,491,491,1
rule,a2ebfa36b363d02c435f,0,0,1
rule,8e0f259737a8cf29adcd,701,73,0
rule,672289c345c6b157c122,0,389,0
rule,97909eccc6227b59cdbd,491,491,1
rule,ead41664127f392d4b3a,482,482,1
rule,e95f8f97b7e36d6619df,574,574,1
rule,4b548c57634f96cce13f,574,574,1
rule,971fa9f2047ef0b7580b,571,707,0
rule,2620f63214c6d4d53a2e,497,663,0
rule,cd042851c41a91dcb39d,569,569,1
rule,560c8d4bfd14be3e6a8a,217,217,1
rule,71d33942636767e8ed5a,217,218,0
rule,f6ff97e8bae06024f9d5,0,0,1
rule,71e9baf5ea98ffedf5a8,574,574,1
rule,30fb16826a0b77fbdaf0,701,701,1
rule,073d0199c1f24a40dc5b,217,217,1
rule,b9dd47e849749a3e01ef,574,574,1
rule,050c33a7d7f32fd92ac6,497,497,1
rule,5722417798e696c036a9,491,856,0
rule,0b8b19a751055a1ec8a0,491,491,1
rule,9b619751b75c8a6ad1a0,482,848,0
rule,31d5325988db9f1c752b,701,701,1
rule,b96089f5a0ee8958f842,482,590,0
rule,3fcb8614fa0697512341,217,217,1
rule,f164d1a7b2bfad695ace,0,0,1
rule,f53fbb95080335df2c2d,0,0,1
rule,68ae5f6b4dfe6c710ddc,701,701,1
rule,2a328ad9ed0463dd8e40,217,232,0
rule,e164986e7efd9a941c8e,566,566,1
rule,edec038dc21e45a32a00,217,227,0
rule,c502624fc7bb3bb7c430,217,217,1
rule,cabe8ff46702c50e9274,571,571,1
rule,759cbbc8629f7d2e495f,569,569,1
rule,aca16af98b818790e01b,482,482,1
rule,0d1cfd3c9113ab92d8a9,571,571,1
rule,39bb040fb53a1d176cae,0,0,1
rule,a0917b15d44486760f0e,497,497,1
rule,ddb3b09917f249dbe143,701,701,1
rule,1fe86a7b0db415dc071c,566,566,1
rule,f5b6098226ef6b4d3008,0,0,1
rule,e969791171f72413723a,491,491,1
rule,2f0b56bb43b367cf0737,217,217,1
rule,42416e86d762cb8caf7a,497,497,1
rule,7bf919583e8a809b8724,0,0,1
rule,1718763bdc51740a7d7a,569,569,1
rule,c10444f8b888582761a4,569,569,1
rule,90e1209a31015bd22730,571,571,1
rule,fa8dca38dfc9570aba66,482,749,0
rule,ec65f302bff6f50bb8a2,497,663,0
rule,119e22c1bc53d94525dc,497,663,0
rule,a090cb4a0dea5c618439,701,701,1
rule,4b548c57634f96cce13f,574,574,1
rule,9fda59f5fd0df9879327,571,571,1
rule,a0917b15d44486760f0e,497,497,1
rule,edec038dc21e45a32a00,217,227,0
rule,b9dd47e849749a3e01ef,574,574,1
rule,13e3bcc97110094b8448,497,663,0
rule,417536921c3e9bb251be,701,701,1
rule,2a328ad9ed0463dd8e40,217,232,0
rule,0d1cfd3c9113ab92d8a9,571,571,1
rule,560c8d4bfd14be3e6a8a,217,217,1
rule,1fe86a7b0db415dc071c,566,566,1
rule,17d5a963eb476a043cf3,571,571,1
rule,31d5325988db9f1c752b,701,701,1
rule,45bd4d0f4d7478b0cee3,569,867,0
rule,4820256bcd3e9dc760e4,566,566,1
rule,383867303b559ef23d2d,701,701,1
rule,0be2554779cb63aa7570,569,569,1
rule,6d7204950e9ea9baf7eb,491,491,1
rule,672289c345c6b157c122,0,389,0
rule,cabe8ff46702c50e9274,571,571,1
rule,3de5f3a0109d307875a8,491,491,1
rule,b3b7d952751637282f6b,701,701,1
rule,ddb3b09917f249dbe143,701,701,1
rule,e969791171f72413723a,491,491,1
rule,298fb3d15c1c56aa6a1b,497,406,0
rule,68ae5f6b4dfe6c710ddc,701,701,1
rule,f53fbb95080335df2c2d,0,0,1
rule,a5cb5dce8fea0d78d48b,574,400,0
rule,ec65f302bff6f50bb8a2,497,663,0
rule,a9ccf20cebb67562b233,491,491,1
rule,b25a98271d50629a4f1d,569,569,1
rule,3fcb8614fa0697512341,217,217,1
rule,4b193d510c7badf1e9d7,217,232,0
rule,b683b233630b42dc4774,491,491,1
rule,c855206e6d49ba4dd808,701,854,0
rule,050c33a7d7f32fd92ac6,497,497,1
rule,f6ff97e8bae06024f9d5,0,0,1
rule,6f7809e7f2cc44bd0073,217,217,1
rule,b0bfa88a566c909ba480,701,701,1
rule,b96089f5a0ee8958f842,482,590,0
rule,1ce9829c757e18582436,701,701,1
rule,2eeed640e4c9f230923b,569,569,1
rule,a2ebfa36b363d02c435f,0,0,1
rule,073d0199c1f24a40dc5b,217,217,1
rule,c10444f8b888582761a4,569,569,1
rule,cd042851c41a91dcb39d,569,569,1
rule,e95f8f97b7e36d6619df,574,574,1
rule,be5eaa3600e1cc67f394,574,574,1
rule,95a6d8332e65a953f807,566,566,1
rule,9663eccdcbe0b346d2fb,482,482,1
rule,5986b7616a1228b54cf8,569,569,1
rule,c502624fc7bb3bb7c430,217,217,1
rule,2f0b56bb43b367cf0737,217,217,1
rule,b46523267235e8ce5297,482,481,0
rule,ce8529c8eee748f146d3,569,569,1
rule,44d0e6aade6060dd3a4c,497,663,0
rule,dfafa0b6ed6c5146f025,574,574,1
rule,ba3f10e49fa71222a167,482,482,1
rule,30fb16826a0b77fbdaf0,701,701,1
rule,5930368dd828c298772d,566,566,1
rule,91bd6a57b11a9ffdc7f7,482,844,0
rule,e1faca667619e6e13dea,574,574,1
rule,9b619751b75c8a6ad1a0,482,848,0
rule,971fa9f2047ef0b7580b,571,707,0
rule,8e0f259737a8cf29adcd,701,73,0
rule,0b8b19a751055a1ec8a0,491,491,1
rule,7bf919583e8a809b8724,0,0,1
rule,7c84bae86fda676d4554,0,0,1
rule,fa8dca38dfc9570aba66,482,749,0
rule,759cbbc8629f7d2e495f,569,569,1
rule,2620f63214c6d4d53a2e,497,663,0
rule,71e9baf5ea98ffedf5a8,574,574,1
rule,a829012efaba7982ccf9,566,566,1
rule,f164d1a7b2bfad695ace,0,0,1
rule,97909eccc6227b59cdbd,491,491,1
rule,822ecb098d1efd5cc425,491,491,1
rule,344dee6d7742b737b6b8,569,569,1
rule,a090cb4a0dea5c618439,701,701,1
rule,0038ddc45cbe29596ba9,491,491,1
rule,92770e44f32b0fb3805b,569,856,0
rule,e164986e7efd9a941c8e,566,566,1
rule,66ea92408bb1d45e8a80,571,571,1
rule,5f27fa39b4d1da680538,574,522,0
rule,39bb040fb53a1d176cae,0,0,1
rule,5722417798e696c036a9,491,856,0
rule,470a9f15033b9d2fc3d8,574,574,1
rule,8a58d7d2fbec5278ad37,491,491,1
rule,d4dcc887e7e10d2bf5fa,497,884,0
rule,187e3af108481037ef18,574,574,1
rule,441b74bb0600359a5ae1,482,848,0
rule,119e22c1bc53d94525dc,497,663,0
rule,184cfe80bff425a554eb,571,571,1
rule,f5b6098226ef6b4d3008,0,0,1
rule,1718763bdc51740a7d7a,569,569,1
rule,42416e86d762cb8caf7a,497,497,1
rule,f04e6a8cd69749d35aab,569,569,1
rule,ead41664127f392d4b3a,482,482,1
rule,90e1209a31015bd22730,571,571,1
rule,71d33942636767e8ed5a,217,218,0
rule,aca16af98b818790e01b,482,482,1
learned,e969791171f72413723a,491,491,1
learned,f164d1a7b2bfad695ace,0,0,1
learned,44d0e6aade6060dd3a4c,497,663,0
learned,b25a98271d50629a4f1d,569,675,0
learned,4820256bcd3e9dc760e4,566,566,1
learned,b683b233630b42dc4774,491,491,1
learned,4b193d510c7badf1e9d7,217,232,0
learned,ead41664127f392d4b3a,482,482,1
learned,a9ccf20cebb67562b233,491,491,1
learned,3de5f3a0109d307875a8,491,739,0
learned,cd042851c41a91dcb39d,569,569,1
learned,5986b7616a1228b54cf8,569,569,1
learned,ba3f10e49fa71222a167,482,482,1
learned,0b8b19a751055a1ec8a0,491,491,1
learned,30fb16826a0b77fbdaf0,701,701,1
learned,ddb3b09917f249dbe143,701,701,1
learned,6d7204950e9ea9baf7eb,491,491,1
learned,a0917b15d44486760f0e,497,663,0
learned,f6ff97e8bae06024f9d5,0,0,1
learned,92770e44f32b0fb3805b,569,856,0
learned,2620f63214c6d4d53a2e,497,663,0
learned,344dee6d7742b737b6b8,569,569,1
learned,9b619751b75c8a6ad1a0,482,848,0
learned,c502624fc7bb3bb7c430,217,217,1
learned,f04e6a8cd69749d35aab,569,569,1
learned,95a6d8332e65a953f807,566,566,1
learned,417536921c3e9bb251be,701,701,1
learned,13e3bcc97110094b8448,497,663,0
learned,fa8dca38dfc9570aba66,482,749,0
learned,119e22c1bc53d94525dc,497,668,0
learned,b46523267235e8ce5297,482,481,0
learned,f53fbb95080335df2c2d,0,0,1
learned,560c8d4bfd14be3e6a8a,217,217,1
learned,45bd4d0f4d7478b0cee3,569,569,1
learned,68ae5f6b4dfe6c710ddc,701,701,1
learned,6f7809e7f2cc44bd0073,217,217,1
learned,822ecb098d1efd5cc425,491,491,1
learned,5930368dd828c298772d,566,566,1
learned,71e9baf5ea98ffedf5a8,574,574,1
learned,cabe8ff46702c50e9274,571,571,1
learned,edec038dc21e45a32a00,217,227,0
learned,91bd6a57b11a9ffdc7f7,482,844,0
learned,97909eccc6227b59cdbd,491,491,1
learned,1fe86a7b0db415dc071c,566,566,1
learned,073d0199c1f24a40dc5b,217,195,0
learned,90e1209a31015bd22730,571,571,1
learned,7c84bae86fda676d4554,0,0,1
learned,a2ebfa36b363d02c435f,0,0,1
learned,e1faca667619e6e13dea,574,574,1
learned,1ce9829c757e18582436,701,701,1
learned,383867303b559ef23d2d,701,701,1
learned,1718763bdc51740a7d7a,569,569,1
learned,2eeed640e4c9f230923b,569,569,1
learned,e95f8f97b7e36d6619df,574,574,1
learned,470a9f15033b9d2fc3d8,574,574,1
learned,7bf919583e8a809b8724,0,0,1
learned,71d33942636767e8ed5a,217,217,1
learned,dfafa0b6ed6c5146f025,574,574,1
learned,8a58d7d2fbec5278ad37,491,491,1
learned,ce8529c8eee748f146d3,569,569,1
learned,9fda59f5fd0df9879327,571,571,1
learned,298fb3d15c1c56aa6a1b,497,406,0
learned,2f0b56bb43b367cf0737,217,217,1
learned,050c33a7d7f32fd92ac6,497,497,1
learned,aca16af98b818790e01b,482,674,0
learned,a829012efaba7982ccf9,566,566,1
learned,e164986e7efd9a941c8e,566,566,1
learned,441b74bb0600359a5ae1,482,713,0
learned,9663eccdcbe0b346d2fb,482,482,1
learned,17d5a963eb476a043cf3,571,571,1
learned,a090cb4a0dea5c618439,701,701,1
learned,8e0f259737a8cf29adcd,701,73,0
learned,be5eaa3600e1cc67f394,574,574,1
learned,c855206e6d49ba4dd808,701,476,0
learned,d4dcc887e7e10d2bf5fa,497,884,0
learned,42416e86d762cb8caf7a,497,497,1
learned,4b548c57634f96cce13f,574,574,1
learned,2a328ad9ed0463dd8e40,217,232,0
learned,672289c345c6b157c122,0,0,1
learned,0038ddc45cbe29596ba9,491,830,0
learned,c10444f8b888582761a4,569,675,0
learned,b0bfa88a566c909ba480,701,701,1
learned,b9dd47e849749a3e01ef,574,574,1
learned,31d5325988db9f1c752b,701,701,1
learned,f5b6098226ef6b4d3008,0,0,1
learned,66ea92408bb1d45e8a80,571,571,1
learned,ec65f302bff6f50bb8a2,497,663,0
learned,0d1cfd3c9113ab92d8a9,571,621,0
learned,971fa9f2047ef0b7580b,571,707,0
learned,a5cb5dce8fea0d78d48b,574,400,0
learned,184cfe80bff425a554eb,571,571,1
learned,b96089f5a0ee8958f842,482,590,0
learned,5f27fa39b4d1da680538,574,522,0
learned,3fcb8614fa0697512341,217,220,0
learned,39bb040fb53a1d176cae,0,116,0
learned,5722417798e696c036a9,491,491,1
learned,b3b7d952751637282f6b,701,701,1
learned,759cbbc8629f7d2e495f,569,675,0
learned,0be2554779cb63aa7570,569,569,1
learned,187e3af108481037ef18,574,574,1
learned,c855206e6d49ba4dd808,701,476,0
learned,13e3bcc97110094b8448,497,663,0
learned,b683b233630b42dc4774,491,491,1
learned,45bd4d0f4d7478b0cee3,569,569,1
learned,b46523267235e8ce5297,482,481,0
learned,f04e6a8cd69749d35aab,569,569,1
learned,417536921c3e9bb251be,701,701,1
learned,5930368dd828c298772d,566,566,1
learned,91bd6a57b11a9ffdc7f7,482,844,0
learned,44d0e6aade6060dd3a4c,497,663,0
learned,2eeed640e4c9f230923b,569,569,1
learned,b0bfa88a566c909ba480,701,701,1
learned,e1faca667619e6e13dea,574,574,1
learned,ba3f10e49fa71222a167,482,482,1
learned,66ea92408bb1d45e8a80,571,571,1
learned,92770e44f32b0fb3805b,569,856,0
learned,9663eccdcbe0b346d2fb,482,482,1
learned,344dee6d7742b737b6b8,569,569,1
learned,5f27fa39b4d1da680538,574,522,0
learned,4b193d510c7badf1e9d7,217,232,0
learned,7c84bae86fda676d4554,0,0,1
learned,184cfe80bff425a554eb,571,571,1
learned,470a9f15033b9d2fc3d8,574,574,1
learned,9fda59f5fd0df9879327,571,571,1
learned,17d5a963eb476a043cf3,571,571,1
learned,b25a98271d50629a4f1d,569,675,0
learned,5986b7616a1228b54cf8,569,569,1
learned,b3b7d952751637282f6b,701,701,1
learned,95a6d8332e65a953f807,566,566,1
learned,298fb3d15c1c56aa6a1b,497,406,0
learned,dfafa0b6ed6c5146f025,574,574,1
learned,822ecb098d1efd5cc425,491,491,1
learned,3de5f3a0109d307875a8,491,739,0
learned,6d7204950e9ea9baf7eb,491,491,1
learned,a829012efaba7982ccf9,566,566,1
learned,a9ccf20cebb67562b233,491,491,1
learned,441b74bb0600359a5ae1,482,713,0
learned,8a58d7d2fbec5278ad37,491,491,1
learned,0be2554779cb63aa7570,569,569,1
learned,ce8529c8eee748f146d3,569,569,1
learned,a5cb5dce8fea0d78d48b,574,400,0
learned,4820256bcd3e9dc760e4,566,566,1
learned,1ce9829c757e18582436,701,701,1
learned,6f7809e7f2cc44bd0073,217,217,1
learned,d4dcc887e7e10d2bf5fa,497,884,0
learned,be5eaa3600e1cc67f394,574,574,1
learned,383867303b559ef23d2d,701,701,1
learned,187e3af108481037ef18,574,574,1
learned,0038ddc45cbe29596ba9,491,830,0
learned,a2ebfa36b363d02c435f,0,0,1
learned,8e0f259737a8cf29adcd,701,73,0
learned,672289c345c6b157c122,0,0,1
learned,97909eccc6227b59cdbd,491,491,1
learned,ead41664127f392d4b3a,482,482,1
learned,e95f8f97b7e36d6619df,574,574,1
learned,4b548c57634f96cce13f,574,574,1
learned,971fa9f2047ef0b7580b,571,707,0
learned,2620f63214c6d4d53a2e,497,663,0
learned,cd042851c41a91dcb39d,569,569,1
learned,560c8d4bfd14be3e6a8a,217,217,1
learned,71d33942636767e8ed5a,217,217,1
learned,f6ff97e8bae06024f9d5,0,0,1
learned,71e9baf5ea98ffedf5a8,574,574,1
learned,30fb16826a0b77fbdaf0,701,701,1
learned,073d0199c1f24a40dc5b,217,195,0
learned,b9dd47e849749a3e01ef,574,574,1
learned,050c33a7d7f32fd92ac6,497,497,1
learned,5722417798e696c036a9,491,491,1
learned,0b8b19a751055a1ec8a0,491,491,1
learned,9b619751b75c8a6ad1a0,482,848,0
learned,31d5325988db9f1c752b,701,701,1
learned,b96089f5a0ee8958f842,482,590,0
learned,3fcb8614fa0697512341,217,220,0
learned,f164d1a7b2bfad695ace,0,0,1
learned,f53fbb95080335df2c2d,0,0,1
learned,68ae5f6b4dfe6c710ddc,701,701,1
learned,2a328ad9ed0463dd8e40,217,232,0
learned,e164986e7efd9a941c8e,566,566,1
learned,edec038dc21e45a32a00,217,227,0
learned,c502624fc7bb3bb7c430,217,217,1
learned,cabe8ff46702c50e9274,571,571,1
learned,759cbbc8629f7d2e495f,569,675,0
learned,aca16af98b818790e01b,482,674,0
learned,0d1cfd3c9113ab92d8a9,571,621,0
learned,39bb040fb53a1d176cae,0,116,0
learned,a0917b15d44486760f0e,497,663,0
learned,ddb3b09917f249dbe143,701,701,1
learned,1fe86a7b0db415dc071c,566,566,1
learned,f5b6098226ef6b4d3008,0,0,1
learned,e969791171f72413723a,491,491,1
learned,2f0b56bb43b367cf0737,217,217,1
learned,42416e86d762cb8caf7a,497,497,1
learned,7bf919583e8a809b8724,0,0,1
learned,1718763bdc51740a7d7a,569,569,1
learned,c10444f8b888582761a4,569,675,0
learned,90e1209a31015bd22730,571,571,1
learned,fa8dca38dfc9570aba66,482,749,0
learned,ec65f302bff6f50bb8a2,497,663,0
learned,119e22c1bc53d94525dc,497,668,0
learned,a090cb4a0dea5c618439,701,701,1
learned,4b548c57634f96cce13f,574,574,1
learned,9fda59f5fd0df9879327,571,571,1
learned,a0917b15d44486760f0e,497,663,0
learned,edec038dc21e45a32a00,217,227,0
learned,b9dd47e849749a3e01ef,574,574,1
learned,13e3bcc97110094b8448,497,663,0
learned,417536921c3e9bb251be,701,701,1
learned,2a328ad9ed0463dd8e40,217,232,0
learned,0d1cfd3c9113ab92d8a9,571,621,0
learned,560c8d4bfd14be3e6a8a,217,217,1
learned,1fe86a7b0db415dc071c,566,566,1
learned,17d5a963eb476a043cf3,571,571,1
learned,31d5325988db9f1c752b,701,701,1
learned,45bd4d0f4d7478b0cee3,569,569,1
learned,4820256bcd3e9dc760e4,566,566,1
learned,383867303b559ef23d2d,701,701,1
learned,0be2554779cb63aa7570,569,569,1
learned,6d7204950e9ea9baf7eb,491,491,1
learned,672289c345c6b157c122,0,0,1
learned,cabe8ff46702c50e9274,571,571,1
learned,3de5f3a0109d307875a8,491,739,0
learned,b3b7d952751637282f6b,701,701,1
learned,ddb3b09917f249dbe143,701,701,1
learned,e969791171f72413723a,491,491,1
learned,298fb3d15c1c56aa6a1b,497,406,0
learned,68ae5f6b4dfe6c710ddc,701,701,1
learned,f53fbb95080335df2c2d,0,0,1
learned,a5cb5dce8fea0d78d48b,574,400,0
learned,ec65f302bff6f50bb8a2,497,663,0
learned,a9ccf20cebb67562b233,491,491,1
learned,b25a98271d50629a4f1d,569,675,0
learned,3fcb8614fa0697512341,217,220,0
learned,4b193d510c7badf1e9d7,217,232,0
learned,b683b233630b42dc4774,491,491,1
learned,c855206e6d49ba4dd808,701,476,0
learned,050c33a7d7f32fd92ac6,497,497,1
learned,f6ff97e8bae06024f9d5,0,0,1
learned,6f7809e7f2cc44bd0073,217,217,1
learned,b0bfa88a566c909ba480,701,701,1
learned,b96089f5a0ee8958f842,482,590,0
learned,1ce9829c757e18582436,701,701,1
learned,2eeed640e4c9f230923b,569,569,1
learned,a2ebfa36b363d02c435f,0,0,1
learned,073d0199c1f24a40dc5b,217,195,0
learned,c10444f8b888582761a4,569,675,0
learned,cd042851c41a91dcb39d,569,569,1
learned,e95f8f97b7e36d6619df,574,574,1
learned,be5eaa3600e1cc67f394,574,574,1
learned,95a6d8332e65a953f807,566,566,1
learned,9663eccdcbe0b346d2fb,482,482,1
learned,5986b7616a1228b54cf8,569,569,1
learned,c502624fc7bb3bb7c430,217,217,1
learned,2f0b56bb43b367cf0737,217,217,1
learned,b46523267235e8ce5297,482,481,0
learned,ce8529c8eee748f146d3,569,569,1
learned,44d0e6aade6060dd3a4c,497,663,0
learned,dfafa0b6ed6c5146f025,574,574,1
learned,ba3f10e49fa71222a167,482,482,1
learned,30fb16826a0b77fbdaf0,701,701,1
learned,5930368dd828c298772d,566,566,1
learned,91bd6a57b11a9ffdc7f7,482,844,0
learned,e1faca667619e6e13dea,574,574,1
learned,9b619751b75c8a6ad1a0,482,848,0
learned,971fa9f2047ef0b7580b,571,707,0
learned,8e0f259737a8cf29adcd,701,73,0
learned,0b8b19a751055a1ec8a0,491,491,1
learned,7bf919583e8a809b8724,0,0,1
learned,7c84bae86fda676d4554,0,0,1
learned,fa8dca38dfc9570aba66,482,749,0
learned,759cbbc8629f7d2e495f,569,675,0
learned,2620f63214c6d4d53a2e,497,663,0
learned,71e9baf5ea98ffedf5a8,574,574,1
learned,a829012efaba7982ccf9,566,566,1
learned,f164d1a7b2bfad695ace,0,0,1
learned,97909eccc6227b59cdbd,491,491,1
learned,822ecb098d1efd5cc425,491,491,1
learned,344dee6d7742b737b6b8,569,569,1
learned,a090cb4a0dea5c618439,701,701,1
learned,0038ddc45cbe29596ba9,491,830,0
learned,92770e44f32b0fb3805b,569,856,0
learned,e164986e7efd9a941c8e,566,566,1
learned,66ea92408bb1d45e8a80,571,571,1
learned,5f27fa39b4d1da680538,574,522,0
learned,39bb040fb53a1d176cae,0,116,0
learned,5722417798e696c036a9,491,491,1
learned,470a9f15033b9d2fc3d8,574,574,1
learned,8a58d7d2fbec5278ad37,491,491,1
learned,d4dcc887e7e10d2bf5fa,497,884,0
learned,187e3af108481037ef18,574,574,1
learned,441b74bb0600359a5ae1,482,713,0
learned,119e22c1bc53d94525dc,497,668,0
learned,184cfe80bff425a554eb,571,571,1
learned,f5b6098226ef6b4d3008,0,0,1
learned,1718763bdc51740a7d7a,569,569,1
learned,42416e86d762cb8caf7a,497,497,1
learned,f04e6a8cd69749d35aab,569,569,1
learned,ead41664127f392d4b3a,482,482,1
learned,90e1209a31015bd22730,571,571,1
learned,71d33942636767e8ed5a,217,217,1
learned,aca16af98b818790e01b,482,674,0
