policy,sample_id,memory_mb,cpu_percent
mobilenet_v3_small,e969791171f72413723a,127.18359375,99.6470788516348
mobilenet_v3_small,f164d1a7b2bfad695ace,127.18359375,99.79666951395774
mobilenet_v3_small,44d0e6aade6060dd3a4c,127.25,99.62810540024915
mobilenet_v3_small,b25a98271d50629a4f1d,127.25390625,99.45360979987036
mobilenet_v3_small,4820256bcd3e9dc760e4,127.2578125,99.4369749161358
mobilenet_v3_small,b683b233630b42dc4774,127.2578125,99.44664306250836
mobilenet_v3_small,4b193d510c7badf1e9d7,127.2578125,99.40253915848751
mobilenet_v3_small,ead41664127f392d4b3a,127.2578125,99.5984432521703
mobilenet_v3_small,a9ccf20cebb67562b233,127.26171875,99.49627200348694
mobilenet_v3_small,3de5f3a0109d307875a8,127.26953125,99.575838279148
mobilenet_v3_small,cd042851c41a91dcb39d,127.26953125,99.60563200597568
mobilenet_v3_small,5986b7616a1228b54cf8,127.26953125,99.60725347924682
mobilenet_v3_small,ba3f10e49fa71222a167,127.2734375,99.51128423896868
mobilenet_v3_small,0b8b19a751055a1ec8a0,127.27734375,99.55562603517532
mobilenet_v3_small,30fb16826a0b77fbdaf0,127.27734375,99.6759281550814
mobilenet_v3_small,ddb3b09917f249dbe143,127.28515625,99.54117860050034
mobilenet_v3_small,6d7204950e9ea9baf7eb,127.28515625,99.51044658615888
mobilenet_v3_small,a0917b15d44486760f0e,127.28515625,99.65663697407028
mobilenet_v3_small,f6ff97e8bae06024f9d5,127.28515625,99.73234864452132
mobilenet_v3_small,92770e44f32b0fb3805b,127.25390625,99.21315063117454
mobilenet_v3_small,2620f63214c6d4d53a2e,127.28515625,99.42494227029697
mobilenet_v3_small,344dee6d7742b737b6b8,127.28515625,99.71190469582764
mobilenet_v3_small,9b619751b75c8a6ad1a0,127.2890625,99.55218132183624
mobilenet_v3_small,c502624fc7bb3bb7c430,127.2890625,99.844111140899
mobilenet_v3_small,f04e6a8cd69749d35aab,127.2890625,99.59711266268992
mobilenet_v3_small,95a6d8332e65a953f807,127.29296875,99.63673430085636
mobilenet_v3_small,417536921c3e9bb251be,127.29296875,99.86281042617674
mobilenet_v3_small,13e3bcc97110094b8448,127.29296875,99.57355206124032
mobilenet_v3_small,fa8dca38dfc9570aba66,127.29296875,99.66645176542752
mobilenet_v3_small,119e22c1bc53d94525dc,127.29296875,99.63226575914496
mobilenet_v3_small,b46523267235e8ce5297,127.296875,99.60451449077551
mobilenet_v3_small,f53fbb95080335df2c2d,127.296875,99.54288423639984
mobilenet_v3_small,560c8d4bfd14be3e6a8a,127.296875,99.84927848653808
mobilenet_v3_small,45bd4d0f4d7478b0cee3,127.296875,99.7502975651332
mobilenet_v3_small,68ae5f6b4dfe6c710ddc,127.296875,99.16062113544056
mobilenet_v3_small,6f7809e7f2cc44bd0073,127.296875,99.6478136499865
mobilenet_v3_small,822ecb098d1efd5cc425,127.296875,99.73596049907016
mobilenet_v3_small,5930368dd828c298772d,127.30078125,99.60098890223824
mobilenet_v3_small,71e9baf5ea98ffedf5a8,127.3046875,99.6379211240835
mobilenet_v3_small,cabe8ff46702c50e9274,127.3046875,99.52587555651868
mobilenet_v3_small,edec038dc21e45a32a00,127.3125,99.4637052045373
mobilenet_v3_small,91bd6a57b11a9ffdc7f7,127.3125,99.44500379138582
mobilenet_v3_small,97909eccc6227b59cdbd,127.3125,99.61906081980985
mobilenet_v3_small,1fe86a7b0db415dc071c,127.31640625,99.59279828045229
mobilenet_v3_small,073d0199c1f24a40dc5b,127.31640625,99.17708669685692
mobilenet_v3_small,90e1209a31015bd22730,127.31640625,99.48707075372867
mobilenet_v3_small,7c84bae86fda676d4554,127.31640625,99.65189151331514
mobilenet_v3_small,a2ebfa36b363d02c435f,127.31640625,99.48440793703412
mobilenet_v3_small,e1faca667619e6e13dea,127.31640625,99.46608745606407
mobilenet_v3_small,1ce9829c757e18582436,127.91015625,99.44507508582892
mobilenet_v3_small,383867303b559ef23d2d,127.91015625,99.5636257662956
mobilenet_v3_small,1718763bdc51740a7d7a,127.91015625,99.64881675267604
mobilenet_v3_small,2eeed640e4c9f230923b,127.91015625,99.70880737664454
mobilenet_v3_small,e95f8f97b7e36d6619df,128.48828125,99.62984036629254
mobilenet_v3_small,470a9f15033b9d2fc3d8,128.4921875,99.66493030705615
mobilenet_v3_small,7bf919583e8a809b8724,128.49609375,99.71217046429364
mobilenet_v3_small,71d33942636767e8ed5a,128.49609375,99.55417393190751
mobilenet_v3_small,dfafa0b6ed6c5146f025,128.49609375,99.57354439221464
mobilenet_v3_small,8a58d7d2fbec5278ad37,129.0703125,99.51405587449212
mobilenet_v3_small,ce8529c8eee748f146d3,129.0703125,99.63599217196132
mobilenet_v3_small,9fda59f5fd0df9879327,129.0703125,99.63456770456362
mobilenet_v3_small,298fb3d15c1c56aa6a1b,129.4375,99.75610007331208
mobilenet_v3_small,2f0b56bb43b367cf0737,129.4375,99.62122260926044
mobilenet_v3_small,050c33a7d7f32fd92ac6,129.4453125,99.30986356780262
mobilenet_v3_small,aca16af98b818790e01b,129.625,98.0897867202606
mobilenet_v3_small,a829012efaba7982ccf9,129.84765625,99.48188271748118
mobilenet_v3_small,e164986e7efd9a941c8e,129.97265625,99.39744298405478
mobilenet_v3_small,441b74bb0600359a5ae1,130.0390625,99.61148544716173
mobilenet_v3_small,9663eccdcbe0b346d2fb,130.0390625,99.41593349125316
mobilenet_v3_small,17d5a963eb476a043cf3,130.04296875,99.41245197164449
mobilenet_v3_small,a090cb4a0dea5c618439,130.50390625,99.24940192530188
mobilenet_v3_small,8e0f259737a8cf29adcd,130.63671875,99.80276776625988
mobilenet_v3_small,be5eaa3600e1cc67f394,130.63671875,99.69376796356534
mobilenet_v3_small,c855206e6d49ba4dd808,131.00390625,99.66198374052787
mobilenet_v3_small,d4dcc887e7e10d2bf5fa,131.0078125,99.79550973280207
mobilenet_v3_small,42416e86d762cb8caf7a,131.12109375,99.36444486634048
mobilenet_v3_small,4b548c57634f96cce13f,131.2578125,99.72995469917316
mobilenet_v3_small,2a328ad9ed0463dd8e40,131.38671875,98.23253031783068
mobilenet_v3_small,672289c345c6b157c122,131.515625,99.64044098748596
mobilenet_v3_small,0038ddc45cbe29596ba9,131.91015625,99.50173518526042
mobilenet_v3_small,c10444f8b888582761a4,131.87890625,99.44260357603552
mobilenet_v3_small,b0bfa88a566c909ba480,131.91015625,99.54068218395234
mobilenet_v3_small,b9dd47e849749a3e01ef,131.91015625,99.58488302495968
mobilenet_v3_small,31d5325988db9f1c752b,131.91015625,99.491547584145
mobilenet_v3_small,f5b6098226ef6b4d3008,131.91015625,99.45050535030532
mobilenet_v3_small,66ea92408bb1d45e8a80,131.91015625,99.31657548792064
mobilenet_v3_small,ec65f302bff6f50bb8a2,131.91015625,99.67696443161776
mobilenet_v3_small,0d1cfd3c9113ab92d8a9,131.91015625,99.46725303831327
mobilenet_v3_small,971fa9f2047ef0b7580b,131.91015625,99.42070401590266
mobilenet_v3_small,a5cb5dce8fea0d78d48b,131.91015625,99.14081087736216
mobilenet_v3_small,184cfe80bff425a554eb,131.91015625,99.2455760624695
mobilenet_v3_small,b96089f5a0ee8958f842,131.9140625,99.52577766424706
mobilenet_v3_small,5f27fa39b4d1da680538,131.9140625,99.45028575314456
mobilenet_v3_small,3fcb8614fa0697512341,131.9140625,99.53187636229524
mobilenet_v3_small,39bb040fb53a1d176cae,131.9140625,99.56761203132582
mobilenet_v3_small,5722417798e696c036a9,131.9140625,99.70936316229476
mobilenet_v3_small,b3b7d952751637282f6b,131.9140625,99.5830955166865
mobilenet_v3_small,759cbbc8629f7d2e495f,131.9140625,99.65088303587731
mobilenet_v3_small,0be2554779cb63aa7570,131.9140625,99.74301690084752
mobilenet_v3_small,187e3af108481037ef18,131.9140625,99.59570613404534
mobilenet_v3_small,c855206e6d49ba4dd808,131.9140625,99.5658274497825
mobilenet_v3_small,13e3bcc97110094b8448,131.9140625,99.49818976486944
mobilenet_v3_small,b683b233630b42dc4774,131.9140625,99.55498534807644
mobilenet_v3_small,45bd4d0f4d7478b0cee3,131.9140625,99.55063976551342
mobilenet_v3_small,b46523267235e8ce5297,131.9140625,99.46511156210178
mobilenet_v3_small,f04e6a8cd69749d35aab,131.91796875,99.87671625524048
mobilenet_v3_small,417536921c3e9bb251be,131.921875,99.54411091876553
mobilenet_v3_small,5930368dd828c298772d,131.921875,99.49826228958352
mobilenet_v3_small,91bd6a57b11a9ffdc7f7,131.921875,99.41800978794925
mobilenet_v3_small,44d0e6aade6060dd3a4c,131.921875,99.72647206065602
mobilenet_v3_small,2eeed640e4c9f230923b,131.921875,99.51255736284028
mobilenet_v3_small,b0bfa88a566c909ba480,131.921875,99.63586787410516
mobilenet_v3_small,e1faca667619e6e13dea,131.921875,99.66590349096649
mobilenet_v3_small,ba3f10e49fa71222a167,131.92578125,99.69228161012728
mobilenet_v3_small,66ea92408bb1d45e8a80,131.92578125,99.4905016362004
mobilenet_v3_small,92770e44f32b0fb3805b,131.92578125,99.68693648155748
mobilenet_v3_small,9663eccdcbe0b346d2fb,131.92578125,99.69532428837068
mobilenet_v3_small,344dee6d7742b737b6b8,131.92578125,99.6722027936101
mobilenet_v3_small,5f27fa39b4d1da680538,131.92578125,99.50005973138968
mobilenet_v3_small,4b193d510c7badf1e9d7,131.9296875,99.82430633141088
mobilenet_v3_small,7c84bae86fda676d4554,131.9375,99.84230974700652
mobilenet_v3_small,184cfe80bff425a554eb,131.9375,99.70984987785184
mobilenet_v3_small,470a9f15033b9d2fc3d8,131.9375,99.6756550189354
mobilenet_v3_small,9fda59f5fd0df9879327,131.9375,99.68777914439038
mobilenet_v3_small,17d5a963eb476a043cf3,131.9375,99.51404142194426
mobilenet_v3_small,b25a98271d50629a4f1d,131.9375,99.6467994036952
mobilenet_v3_small,5986b7616a1228b54cf8,131.94140625,99.65136524573084
mobilenet_v3_small,b3b7d952751637282f6b,131.94140625,99.58457248852277
mobilenet_v3_small,95a6d8332e65a953f807,131.94140625,99.80198900266628
mobilenet_v3_small,298fb3d15c1c56aa6a1b,131.94140625,99.59209572442887
mobilenet_v3_small,dfafa0b6ed6c5146f025,131.94140625,99.62491156358016
mobilenet_v3_small,822ecb098d1efd5cc425,131.94140625,99.6913406064759
mobilenet_v3_small,3de5f3a0109d307875a8,131.94921875,99.75819875396036
mobilenet_v3_small,6d7204950e9ea9baf7eb,131.94921875,99.73430114891926
mobilenet_v3_small,a829012efaba7982ccf9,131.953125,99.67561543893176
mobilenet_v3_small,a9ccf20cebb67562b233,131.953125,99.68064064080254
mobilenet_v3_small,441b74bb0600359a5ae1,131.953125,99.67162790659567
mobilenet_v3_small,8a58d7d2fbec5278ad37,131.953125,99.58364158383856
mobilenet_v3_small,0be2554779cb63aa7570,131.95703125,99.67081308107474
mobilenet_v3_small,ce8529c8eee748f146d3,132.04296875,99.74744887636544
mobilenet_v3_small,a5cb5dce8fea0d78d48b,132.04296875,99.64651557262508
mobilenet_v3_small,4820256bcd3e9dc760e4,132.046875,99.53652974052554
mobilenet_v3_small,1ce9829c757e18582436,132.2421875,99.4810942870314
mobilenet_v3_small,6f7809e7f2cc44bd0073,132.37890625,99.75798679160766
mobilenet_v3_small,d4dcc887e7e10d2bf5fa,132.3515625,99.58793127658308
mobilenet_v3_small,be5eaa3600e1cc67f394,132.3828125,99.54361511774805
mobilenet_v3_small,383867303b559ef23d2d,132.3828125,99.72684297216288
mobilenet_v3_small,187e3af108481037ef18,132.3828125,99.77980512858264
mobilenet_v3_small,0038ddc45cbe29596ba9,132.3828125,99.59896742550087
mobilenet_v3_small,a2ebfa36b363d02c435f,132.3828125,99.66946717590103
mobilenet_v3_small,8e0f259737a8cf29adcd,132.3828125,99.56284794178312
mobilenet_v3_small,672289c345c6b157c122,132.3828125,99.35269531755068
mobilenet_v3_small,97909eccc6227b59cdbd,132.3828125,99.72146808084308
mobilenet_v3_small,ead41664127f392d4b3a,132.3828125,99.54107419530963
mobilenet_v3_small,e95f8f97b7e36d6619df,132.3828125,99.40920885982584
mobilenet_v3_small,4b548c57634f96cce13f,132.3828125,99.38730191346508
mobilenet_v3_small,971fa9f2047ef0b7580b,132.38671875,99.09664130035269
mobilenet_v3_small,2620f63214c6d4d53a2e,132.38671875,98.88282852279691
mobilenet_v3_small,cd042851c41a91dcb39d,132.38671875,99.00996698166988
mobilenet_v3_small,560c8d4bfd14be3e6a8a,132.38671875,98.97228727427114
mobilenet_v3_small,71d33942636767e8ed5a,132.38671875,99.04053847969536
mobilenet_v3_small,f6ff97e8bae06024f9d5,132.38671875,98.14409098949147
mobilenet_v3_small,71e9baf5ea98ffedf5a8,132.38671875,98.2897027004635
mobilenet_v3_small,30fb16826a0b77fbdaf0,132.38671875,99.31540047941404
mobilenet_v3_small,073d0199c1f24a40dc5b,132.38671875,98.73336417536213
mobilenet_v3_small,b9dd47e849749a3e01ef,132.38671875,99.20347904408816
mobilenet_v3_small,050c33a7d7f32fd92ac6,132.38671875,99.59544650780528
mobilenet_v3_small,5722417798e696c036a9,132.38671875,99.28838912071832
mobilenet_v3_small,0b8b19a751055a1ec8a0,132.38671875,99.59968220398882
mobilenet_v3_small,9b619751b75c8a6ad1a0,132.38671875,99.74613849899234
mobilenet_v3_small,31d5325988db9f1c752b,132.390625,99.55180899827374
mobilenet_v3_small,b96089f5a0ee8958f842,132.390625,99.58522902158244
mobilenet_v3_small,3fcb8614fa0697512341,132.39453125,99.34464164809036
mobilenet_v3_small,f164d1a7b2bfad695ace,132.39453125,99.73434350207744
mobilenet_v3_small,f53fbb95080335df2c2d,132.39453125,99.70454868728493
mobilenet_v3_small,68ae5f6b4dfe6c710ddc,132.39453125,99.38713498217167
mobilenet_v3_small,2a328ad9ed0463dd8e40,132.39453125,99.47104984805956
mobilenet_v3_small,e164986e7efd9a941c8e,132.39453125,99.31645251669464
mobilenet_v3_small,edec038dc21e45a32a00,132.3984375,99.40914318158664
mobilenet_v3_small,c502624fc7bb3bb7c430,132.3984375,99.685236039211
mobilenet_v3_small,cabe8ff46702c50e9274,132.3984375,99.63607945909077
mobilenet_v3_small,759cbbc8629f7d2e495f,132.3984375,99.42548741444246
mobilenet_v3_small,aca16af98b818790e01b,132.3984375,99.5917055735682
mobilenet_v3_small,0d1cfd3c9113ab92d8a9,132.3984375,99.58667887455826
mobilenet_v3_small,39bb040fb53a1d176cae,132.3984375,99.64149581201173
mobilenet_v3_small,a0917b15d44486760f0e,132.40234375,99.47633188350432
mobilenet_v3_small,ddb3b09917f249dbe143,132.40234375,99.56332735657956
mobilenet_v3_small,1fe86a7b0db415dc071c,132.40625,99.44827389150694
mobilenet_v3_small,f5b6098226ef6b4d3008,132.40625,99.60611161275251
mobilenet_v3_small,e969791171f72413723a,132.40625,99.60061556879292
mobilenet_v3_small,2f0b56bb43b367cf0737,132.40625,99.49333657649436
mobilenet_v3_small,42416e86d762cb8caf7a,132.41015625,99.44740656036645
mobilenet_v3_small,7bf919583e8a809b8724,132.41015625,99.5292441431154
mobilenet_v3_small,1718763bdc51740a7d7a,132.41015625,99.44438713710454
mobilenet_v3_small,c10444f8b888582761a4,132.41015625,99.857860163178
mobilenet_v3_small,90e1209a31015bd22730,132.41015625,99.88141158822968
mobilenet_v3_small,fa8dca38dfc9570aba66,132.41015625,99.63884290230092
mobilenet_v3_small,ec65f302bff6f50bb8a2,132.41015625,99.50999585295736
mobilenet_v3_small,119e22c1bc53d94525dc,132.4140625,99.63958083642494
mobilenet_v3_small,a090cb4a0dea5c618439,132.4140625,99.68303645527334
mobilenet_v3_small,4b548c57634f96cce13f,132.42578125,99.71585047347904
mobilenet_v3_small,9fda59f5fd0df9879327,132.42578125,99.82745198532288
mobilenet_v3_small,a0917b15d44486760f0e,132.4296875,99.75728636871392
mobilenet_v3_small,edec038dc21e45a32a00,132.4296875,99.8028247384637
mobilenet_v3_small,b9dd47e849749a3e01ef,132.52734375,99.7177711132978
mobilenet_v3_small,13e3bcc97110094b8448,132.52734375,99.48141789572404
mobilenet_v3_small,417536921c3e9bb251be,132.52734375,99.58934615708591
mobilenet_v3_small,2a328ad9ed0463dd8e40,132.6953125,99.58913815967256
mobilenet_v3_small,0d1cfd3c9113ab92d8a9,132.6640625,99.15034585568728
mobilenet_v3_small,560c8d4bfd14be3e6a8a,132.6953125,94.0925914306404
mobilenet_v3_small,1fe86a7b0db415dc071c,132.6953125,96.83607753279584
mobilenet_v3_small,17d5a963eb476a043cf3,132.6953125,99.5708106697429
mobilenet_v3_small,31d5325988db9f1c752b,132.6953125,99.69926751761834
mobilenet_v3_small,45bd4d0f4d7478b0cee3,132.6953125,99.48776718647912
mobilenet_v3_small,4820256bcd3e9dc760e4,132.6953125,99.49673076446796
mobilenet_v3_small,383867303b559ef23d2d,132.6953125,99.56606743026128
mobilenet_v3_small,0be2554779cb63aa7570,132.6953125,99.52066098914756
mobilenet_v3_small,6d7204950e9ea9baf7eb,132.6953125,99.52937008800578
mobilenet_v3_small,672289c345c6b157c122,132.6953125,99.54368903117523
mobilenet_v3_small,cabe8ff46702c50e9274,132.6953125,99.55049128477768
mobilenet_v3_small,3de5f3a0109d307875a8,132.6953125,99.69320194632002
mobilenet_v3_small,b3b7d952751637282f6b,132.6953125,99.49364721911896
mobilenet_v3_small,ddb3b09917f249dbe143,132.6953125,99.5893550206826
mobilenet_v3_small,e969791171f72413723a,132.6953125,94.19164368095277
mobilenet_v3_small,298fb3d15c1c56aa6a1b,132.69921875,99.672843968679
mobilenet_v3_small,68ae5f6b4dfe6c710ddc,132.69921875,99.47614169703589
mobilenet_v3_small,f53fbb95080335df2c2d,132.69921875,99.4648583303797
mobilenet_v3_small,a5cb5dce8fea0d78d48b,132.69921875,99.4479627512082
mobilenet_v3_small,ec65f302bff6f50bb8a2,132.69921875,99.58156424496978
mobilenet_v3_small,a9ccf20cebb67562b233,132.69921875,99.58656526206464
mobilenet_v3_small,b25a98271d50629a4f1d,132.69921875,99.83547069704122
mobilenet_v3_small,3fcb8614fa0697512341,132.69921875,99.45887633009993
mobilenet_v3_small,4b193d510c7badf1e9d7,132.69921875,99.50111368235048
mobilenet_v3_small,b683b233630b42dc4774,132.69921875,99.31044661626514
mobilenet_v3_small,c855206e6d49ba4dd808,132.69921875,99.12399789373288
mobilenet_v3_small,050c33a7d7f32fd92ac6,132.69921875,99.372365228359
mobilenet_v3_small,f6ff97e8bae06024f9d5,132.69921875,99.51757018894992
mobilenet_v3_small,6f7809e7f2cc44bd0073,132.69921875,99.490469417498
mobilenet_v3_small,b0bfa88a566c909ba480,132.69921875,99.5020102432698
mobilenet_v3_small,b96089f5a0ee8958f842,132.703125,99.34043908332872
mobilenet_v3_small,1ce9829c757e18582436,132.70703125,99.41825731969608
mobilenet_v3_small,2eeed640e4c9f230923b,132.70703125,98.36656908346116
mobilenet_v3_small,a2ebfa36b363d02c435f,132.70703125,99.39581662237238
mobilenet_v3_small,073d0199c1f24a40dc5b,132.70703125,99.21913332347
mobilenet_v3_small,c10444f8b888582761a4,132.70703125,98.740704292942
mobilenet_v3_small,cd042851c41a91dcb39d,132.70703125,99.7744257728288
mobilenet_v3_small,e95f8f97b7e36d6619df,132.70703125,99.40828876845949
mobilenet_v3_small,be5eaa3600e1cc67f394,132.7109375,99.70368244764192
mobilenet_v3_small,95a6d8332e65a953f807,132.7109375,99.63143794951492
mobilenet_v3_small,9663eccdcbe0b346d2fb,132.7109375,99.72996923848802
mobilenet_v3_small,5986b7616a1228b54cf8,132.7109375,99.57293016571442
mobilenet_v3_small,c502624fc7bb3bb7c430,132.7109375,99.46816392246708
mobilenet_v3_small,2f0b56bb43b367cf0737,132.7109375,99.58714538608132
mobilenet_v3_small,b46523267235e8ce5297,132.7109375,99.57731001756709
mobilenet_v3_small,ce8529c8eee748f146d3,132.7109375,99.60910182605129
mobilenet_v3_small,44d0e6aade6060dd3a4c,132.71875,99.52290713258974
mobilenet_v3_small,dfafa0b6ed6c5146f025,132.71875,99.36695270901173
mobilenet_v3_small,ba3f10e49fa71222a167,132.71875,99.78194885645554
mobilenet_v3_small,30fb16826a0b77fbdaf0,132.71875,99.37177308139962
mobilenet_v3_small,5930368dd828c298772d,132.72265625,99.57124912080413
mobilenet_v3_small,91bd6a57b11a9ffdc7f7,132.72265625,99.61983542411984
mobilenet_v3_small,e1faca667619e6e13dea,132.7265625,99.52419436529242
mobilenet_v3_small,9b619751b75c8a6ad1a0,132.7265625,99.78866760700946
mobilenet_v3_small,971fa9f2047ef0b7580b,132.7265625,99.6916828091551
mobilenet_v3_small,8e0f259737a8cf29adcd,132.7265625,99.62892726110708
mobilenet_v3_small,0b8b19a751055a1ec8a0,132.7265625,99.61745469123608
mobilenet_v3_small,7bf919583e8a809b8724,132.7265625,99.55137086110317
mobilenet_v3_small,7c84bae86fda676d4554,132.7265625,99.78747178943054
mobilenet_v3_small,fa8dca38dfc9570aba66,132.7265625,99.28694002891478
mobilenet_v3_small,759cbbc8629f7d2e495f,132.734375,99.69174813253618
mobilenet_v3_small,2620f63214c6d4d53a2e,132.734375,99.6588895174339
mobilenet_v3_small,71e9baf5ea98ffedf5a8,132.8125,99.71138856086708
mobilenet_v3_small,a829012efaba7982ccf9,133.046875,99.46816604214976
mobilenet_v3_small,f164d1a7b2bfad695ace,133.06640625,99.70690728215322
mobilenet_v3_small,97909eccc6227b59cdbd,133.06640625,99.60377216099236
mobilenet_v3_small,822ecb098d1efd5cc425,134.05078125,99.69699545024297
mobilenet_v3_small,344dee6d7742b737b6b8,134.05078125,99.7274567848066
mobilenet_v3_small,a090cb4a0dea5c618439,134.0234375,99.3073008139174
mobilenet_v3_small,0038ddc45cbe29596ba9,134.0546875,99.25659694272
mobilenet_v3_small,92770e44f32b0fb3805b,134.0546875,99.8426721699414
mobilenet_v3_small,e164986e7efd9a941c8e,134.0546875,99.6353102805856
mobilenet_v3_small,66ea92408bb1d45e8a80,134.0546875,99.589386866623
mobilenet_v3_small,5f27fa39b4d1da680538,134.0546875,99.18761336545492
mobilenet_v3_small,39bb040fb53a1d176cae,134.0546875,99.81539190222428
mobilenet_v3_small,5722417798e696c036a9,134.0546875,99.7430087150993
mobilenet_v3_small,470a9f15033b9d2fc3d8,134.0546875,99.85510435115184
mobilenet_v3_small,8a58d7d2fbec5278ad37,134.0546875,99.76059470456345
mobilenet_v3_small,d4dcc887e7e10d2bf5fa,134.0546875,99.63483941462091
mobilenet_v3_small,187e3af108481037ef18,134.0546875,99.64998150206095
mobilenet_v3_small,441b74bb0600359a5ae1,134.0546875,99.60160617947471
mobilenet_v3_small,119e22c1bc53d94525dc,134.0546875,99.57269199677974
mobilenet_v3_small,184cfe80bff425a554eb,134.0546875,99.66829838763228
mobilenet_v3_small,f5b6098226ef6b4d3008,134.05859375,99.5613848415567
mobilenet_v3_small,1718763bdc51740a7d7a,134.05859375,99.75819807433176
mobilenet_v3_small,42416e86d762cb8caf7a,134.05859375,99.52545381212563
mobilenet_v3_small,f04e6a8cd69749d35aab,134.05859375,99.5888180577768
mobilenet_v3_small,ead41664127f392d4b3a,134.05859375,99.62736151997248
mobilenet_v3_small,90e1209a31015bd22730,134.05859375,99.71057895864688
mobilenet_v3_small,71d33942636767e8ed5a,134.05859375,99.78629199947306
mobilenet_v3_small,aca16af98b818790e01b,134.05859375,99.67103762520144
resnet50,e969791171f72413723a,291.89453125,99.575145158956
resnet50,f164d1a7b2bfad695ace,291.8984375,99.62271597808876
resnet50,44d0e6aade6060dd3a4c,291.8984375,99.57409434403364
resnet50,b25a98271d50629a4f1d,291.90234375,99.57103408531788
resnet50,4820256bcd3e9dc760e4,291.90625,99.64050772659164
resnet50,b683b233630b42dc4774,291.90625,99.60358590583066
resnet50,4b193d510c7badf1e9d7,291.90625,99.38710436304169
resnet50,ead41664127f392d4b3a,291.90625,99.64145924284564
resnet50,a9ccf20cebb67562b233,291.91796875,99.65542278967705
resnet50,3de5f3a0109d307875a8,291.921875,99.50183004085676
resnet50,cd042851c41a91dcb39d,291.921875,99.58332273495836
resnet50,5986b7616a1228b54cf8,291.921875,99.60456491368082
resnet50,ba3f10e49fa71222a167,291.921875,99.54015110647624
resnet50,0b8b19a751055a1ec8a0,291.9296875,99.62178548413408
resnet50,30fb16826a0b77fbdaf0,291.9296875,99.4938811079894
resnet50,ddb3b09917f249dbe143,291.93359375,99.520821395965
resnet50,6d7204950e9ea9baf7eb,291.93359375,99.5584102189585
resnet50,a0917b15d44486760f0e,291.93359375,99.64249411781496
resnet50,f6ff97e8bae06024f9d5,291.9375,99.58471906195618
resnet50,92770e44f32b0fb3805b,291.90625,99.519072025709
resnet50,2620f63214c6d4d53a2e,291.9375,99.59320664626732
resnet50,344dee6d7742b737b6b8,292.0,99.45219557143452
resnet50,9b619751b75c8a6ad1a0,292.0,99.36653488170543
resnet50,c502624fc7bb3bb7c430,292.0,99.3245286724367
resnet50,f04e6a8cd69749d35aab,292.0,99.48017502721378
resnet50,95a6d8332e65a953f807,292.00390625,99.53951962482569
resnet50,417536921c3e9bb251be,292.0078125,99.4722577263845
resnet50,13e3bcc97110094b8448,292.0078125,99.43697005420586
resnet50,fa8dca38dfc9570aba66,292.0078125,83.44987142097105
resnet50,119e22c1bc53d94525dc,292.0078125,99.36835023774611
resnet50,b46523267235e8ce5297,292.0078125,99.47761638166595
resnet50,f53fbb95080335df2c2d,292.0078125,99.4933636039449
resnet50,560c8d4bfd14be3e6a8a,292.0078125,99.47112900061512
resnet50,45bd4d0f4d7478b0cee3,292.01171875,99.47288816921042
resnet50,68ae5f6b4dfe6c710ddc,292.01171875,99.52029466950276
resnet50,6f7809e7f2cc44bd0073,292.01171875,99.47126297531368
resnet50,822ecb098d1efd5cc425,292.01171875,99.5552120616932
resnet50,5930368dd828c298772d,292.015625,99.04868769773464
resnet50,71e9baf5ea98ffedf5a8,292.015625,99.59432324733471
resnet50,cabe8ff46702c50e9274,292.01953125,99.6466639199061
resnet50,edec038dc21e45a32a00,292.02734375,99.62219512797306
resnet50,91bd6a57b11a9ffdc7f7,292.02734375,99.59976534148586
resnet50,97909eccc6227b59cdbd,292.02734375,99.65232440317484
resnet50,1fe86a7b0db415dc071c,292.02734375,99.64516671766128
resnet50,073d0199c1f24a40dc5b,292.03125,99.63149732375524
resnet50,90e1209a31015bd22730,292.03515625,99.62155868173149
resnet50,7c84bae86fda676d4554,292.03515625,99.61342958128704
resnet50,a2ebfa36b363d02c435f,292.03515625,99.63785149836455
resnet50,e1faca667619e6e13dea,292.03515625,99.64057294337825
resnet50,1ce9829c757e18582436,292.046875,99.58497674174606
resnet50,383867303b559ef23d2d,292.05078125,99.59502032867424
resnet50,1718763bdc51740a7d7a,292.05078125,99.50620383585893
resnet50,2eeed640e4c9f230923b,292.05078125,99.49265636932698
resnet50,e95f8f97b7e36d6619df,292.0546875,99.46332862094404
resnet50,470a9f15033b9d2fc3d8,292.0546875,99.52010656456947
resnet50,7bf919583e8a809b8724,292.0625,99.60415003180304
resnet50,71d33942636767e8ed5a,292.0625,99.57785239719657
resnet50,dfafa0b6ed6c5146f025,292.0625,99.6179566360567
resnet50,8a58d7d2fbec5278ad37,292.0625,99.61041834828298
resnet50,ce8529c8eee748f146d3,292.0625,99.63694670967529
resnet50,9fda59f5fd0df9879327,292.06640625,99.51770395490122
resnet50,298fb3d15c1c56aa6a1b,292.06640625,99.50159708557456
resnet50,2f0b56bb43b367cf0737,292.0703125,99.60235896183752
resnet50,050c33a7d7f32fd92ac6,292.07421875,99.62853239571474
resnet50,aca16af98b818790e01b,292.07421875,99.63533767860142
resnet50,a829012efaba7982ccf9,292.078125,99.3195572169352
resnet50,e164986e7efd9a941c8e,292.0859375,99.5007466167116
resnet50,441b74bb0600359a5ae1,292.08984375,99.63276926401068
resnet50,9663eccdcbe0b346d2fb,292.08984375,99.59771689841
resnet50,17d5a963eb476a043cf3,292.09375,99.64496951081958
resnet50,a090cb4a0dea5c618439,292.09375,99.65249247167743
resnet50,8e0f259737a8cf29adcd,292.09765625,99.64167042098646
resnet50,be5eaa3600e1cc67f394,292.09765625,99.6535989092376
resnet50,c855206e6d49ba4dd808,292.09765625,99.60409295661606
resnet50,d4dcc887e7e10d2bf5fa,292.09765625,99.63311874945056
resnet50,42416e86d762cb8caf7a,292.1015625,99.64695447721073
resnet50,4b548c57634f96cce13f,292.1015625,99.62619433144592
resnet50,2a328ad9ed0463dd8e40,292.1015625,99.54185283689364
resnet50,672289c345c6b157c122,292.1015625,99.54344394618194
resnet50,0038ddc45cbe29596ba9,292.1015625,99.64991784841396
resnet50,c10444f8b888582761a4,292.0703125,99.58140842831338
resnet50,b0bfa88a566c909ba480,292.1015625,99.55394486379232
resnet50,b9dd47e849749a3e01ef,292.1015625,99.56085738593887
resnet50,31d5325988db9f1c752b,292.1015625,99.62262921139632
resnet50,f5b6098226ef6b4d3008,292.1015625,99.6510141099949
resnet50,66ea92408bb1d45e8a80,292.1015625,99.57180689417687
resnet50,ec65f302bff6f50bb8a2,292.1015625,99.63884065089474
resnet50,0d1cfd3c9113ab92d8a9,292.1015625,99.4102101066238
resnet50,971fa9f2047ef0b7580b,292.1015625,99.58523990934572
resnet50,a5cb5dce8fea0d78d48b,292.1015625,99.61972970669255
resnet50,184cfe80bff425a554eb,292.1015625,99.5919747348074
resnet50,b96089f5a0ee8958f842,292.10546875,99.64260354124188
resnet50,5f27fa39b4d1da680538,292.10546875,99.61411492547596
resnet50,3fcb8614fa0697512341,292.10546875,99.6275569633605
resnet50,39bb040fb53a1d176cae,292.10546875,99.55893411815124
resnet50,5722417798e696c036a9,292.10546875,99.6110785152282
resnet50,b3b7d952751637282f6b,292.10546875,99.66231999826311
resnet50,759cbbc8629f7d2e495f,292.10546875,99.63191054624927
resnet50,0be2554779cb63aa7570,292.10546875,99.47016038647357
resnet50,187e3af108481037ef18,292.10546875,99.65800898199365
resnet50,c855206e6d49ba4dd808,292.109375,99.60425852359222
resnet50,13e3bcc97110094b8448,292.109375,99.40855735610944
resnet50,b683b233630b42dc4774,292.109375,99.49167306042428
resnet50,45bd4d0f4d7478b0cee3,292.109375,99.43836170190887
resnet50,b46523267235e8ce5297,292.109375,98.06978289481226
resnet50,f04e6a8cd69749d35aab,292.109375,99.5605952105615
resnet50,417536921c3e9bb251be,292.11328125,99.53492935166165
resnet50,5930368dd828c298772d,292.1171875,99.57573164452408
resnet50,91bd6a57b11a9ffdc7f7,292.1171875,99.5899368378771
resnet50,44d0e6aade6060dd3a4c,292.1171875,99.64166126283747
resnet50,2eeed640e4c9f230923b,292.1171875,99.6284001190553
resnet50,b0bfa88a566c909ba480,292.1171875,99.65348719412094
resnet50,e1faca667619e6e13dea,292.1171875,99.63002417906152
resnet50,ba3f10e49fa71222a167,292.1171875,99.51626920773197
resnet50,66ea92408bb1d45e8a80,292.12109375,98.47031132949768
resnet50,92770e44f32b0fb3805b,292.12109375,99.43249959575094
resnet50,9663eccdcbe0b346d2fb,292.12109375,99.54253676650308
resnet50,344dee6d7742b737b6b8,292.12109375,99.59173074248471
resnet50,5f27fa39b4d1da680538,292.125,99.49239814109764
resnet50,4b193d510c7badf1e9d7,292.125,99.58882605596816
resnet50,7c84bae86fda676d4554,292.12890625,99.54701473777985
resnet50,184cfe80bff425a554eb,292.1328125,96.30783244418716
resnet50,470a9f15033b9d2fc3d8,292.1328125,99.26139804957228
resnet50,9fda59f5fd0df9879327,292.1328125,99.593796964801
resnet50,17d5a963eb476a043cf3,292.1328125,99.49392903573676
resnet50,b25a98271d50629a4f1d,292.1328125,99.4301913770279
resnet50,5986b7616a1228b54cf8,292.1328125,99.3327873749321
resnet50,b3b7d952751637282f6b,292.13671875,99.24443386716696
resnet50,95a6d8332e65a953f807,292.13671875,99.61464323673134
resnet50,298fb3d15c1c56aa6a1b,292.140625,99.53983728542616
resnet50,dfafa0b6ed6c5146f025,292.140625,99.50547580488988
resnet50,822ecb098d1efd5cc425,292.140625,99.43126586858172
resnet50,3de5f3a0109d307875a8,292.140625,99.2828934427122
resnet50,6d7204950e9ea9baf7eb,292.140625,99.41987880784193
resnet50,a829012efaba7982ccf9,292.1484375,99.54943940509972
resnet50,a9ccf20cebb67562b233,292.1484375,99.5277252370585
resnet50,441b74bb0600359a5ae1,292.1484375,99.57757147984438
resnet50,8a58d7d2fbec5278ad37,292.1484375,99.46759705682928
resnet50,0be2554779cb63aa7570,292.1484375,99.57202232685178
resnet50,ce8529c8eee748f146d3,292.1484375,99.45413133435537
resnet50,a5cb5dce8fea0d78d48b,292.1484375,99.55843492294318
resnet50,4820256bcd3e9dc760e4,292.15625,99.5058738074936
resnet50,1ce9829c757e18582436,292.15625,99.4848439532922
resnet50,6f7809e7f2cc44bd0073,292.1640625,99.47841586962608
resnet50,d4dcc887e7e10d2bf5fa,292.1328125,99.36447601342128
resnet50,be5eaa3600e1cc67f394,292.1640625,99.58758792991844
resnet50,383867303b559ef23d2d,292.1640625,99.09820235882286
resnet50,187e3af108481037ef18,292.1640625,99.1778285563316
resnet50,0038ddc45cbe29596ba9,292.1640625,99.40686595334516
resnet50,a2ebfa36b363d02c435f,292.1640625,99.38562855438924
resnet50,8e0f259737a8cf29adcd,292.1640625,99.47003247801024
resnet50,672289c345c6b157c122,292.1640625,99.59924372962506
resnet50,97909eccc6227b59cdbd,292.1640625,99.565779388033
resnet50,ead41664127f392d4b3a,292.1640625,99.47265161902531
resnet50,e95f8f97b7e36d6619df,292.1640625,99.46853576001187
resnet50,4b548c57634f96cce13f,292.1640625,99.42588249285149
resnet50,971fa9f2047ef0b7580b,292.16796875,99.60933890679205
resnet50,2620f63214c6d4d53a2e,292.16796875,99.4589880924242
resnet50,cd042851c41a91dcb39d,292.16796875,99.12449719316383
resnet50,560c8d4bfd14be3e6a8a,292.16796875,99.57365385607991
resnet50,71d33942636767e8ed5a,292.16796875,99.3953918090679
resnet50,f6ff97e8bae06024f9d5,292.16796875,99.52540128866558
resnet50,71e9baf5ea98ffedf5a8,292.16796875,99.48080927791032
resnet50,30fb16826a0b77fbdaf0,292.16796875,99.63904262027371
resnet50,073d0199c1f24a40dc5b,292.16796875,99.40475065861854
resnet50,b9dd47e849749a3e01ef,292.16796875,99.55855832545836
resnet50,050c33a7d7f32fd92ac6,292.16796875,99.30153734954207
resnet50,5722417798e696c036a9,292.16796875,99.63521645454324
resnet50,0b8b19a751055a1ec8a0,292.16796875,99.6253181143782
resnet50,9b619751b75c8a6ad1a0,292.16796875,99.61210350707736
resnet50,31d5325988db9f1c752b,292.16796875,99.60518465814144
resnet50,b96089f5a0ee8958f842,292.16796875,99.62146446935384
resnet50,3fcb8614fa0697512341,292.171875,99.61930724209262
resnet50,f164d1a7b2bfad695ace,292.171875,99.65568375518173
resnet50,f53fbb95080335df2c2d,292.17578125,99.55559305655562
resnet50,68ae5f6b4dfe6c710ddc,292.17578125,99.61837272259088
resnet50,2a328ad9ed0463dd8e40,292.17578125,99.60764472038473
resnet50,e164986e7efd9a941c8e,292.17578125,99.6390591588112
resnet50,edec038dc21e45a32a00,292.17578125,99.61697532753637
resnet50,c502624fc7bb3bb7c430,292.17578125,99.5806633261122
resnet50,cabe8ff46702c50e9274,292.17578125,99.42275271739788
resnet50,759cbbc8629f7d2e495f,292.17578125,99.29340988811826
resnet50,aca16af98b818790e01b,292.17578125,99.54889293246929
resnet50,0d1cfd3c9113ab92d8a9,292.1796875,99.51919704290906
resnet50,39bb040fb53a1d176cae,292.1796875,99.52584603185358
resnet50,a0917b15d44486760f0e,292.1796875,98.47009911520794
resnet50,ddb3b09917f249dbe143,292.1796875,99.550500647339
resnet50,1fe86a7b0db415dc071c,292.18359375,99.28944841992828
resnet50,f5b6098226ef6b4d3008,292.18359375,98.56133840351713
resnet50,e969791171f72413723a,292.1875,99.42676283303608
resnet50,2f0b56bb43b367cf0737,292.1875,99.54082725037004
resnet50,42416e86d762cb8caf7a,292.1875,99.62094270126616
resnet50,7bf919583e8a809b8724,292.1875,99.58714273656976
resnet50,1718763bdc51740a7d7a,292.1875,99.50010174288876
resnet50,c10444f8b888582761a4,292.1875,99.55225370127584
resnet50,90e1209a31015bd22730,292.1875,99.55150150819952
resnet50,fa8dca38dfc9570aba66,292.19140625,99.57616035285484
resnet50,ec65f302bff6f50bb8a2,292.19140625,99.58131719693822
resnet50,119e22c1bc53d94525dc,292.1953125,99.64740302127282
resnet50,a090cb4a0dea5c618439,292.1953125,99.54076000096204
resnet50,4b548c57634f96cce13f,292.203125,99.5769869761867
resnet50,9fda59f5fd0df9879327,292.203125,99.49853356288304
resnet50,a0917b15d44486760f0e,292.20703125,99.5885508333736
resnet50,edec038dc21e45a32a00,292.20703125,99.29790643133748
resnet50,b9dd47e849749a3e01ef,292.20703125,99.62151497064276
resnet50,13e3bcc97110094b8448,292.20703125,99.47476729690932
resnet50,417536921c3e9bb251be,292.20703125,99.41612963328936
resnet50,2a328ad9ed0463dd8e40,292.2109375,99.40368896048344
resnet50,0d1cfd3c9113ab92d8a9,292.1796875,99.43510633106683
resnet50,560c8d4bfd14be3e6a8a,292.2109375,99.3757289261755
resnet50,1fe86a7b0db415dc071c,292.2109375,99.5649121790386
resnet50,17d5a963eb476a043cf3,292.2109375,99.54391692437711
resnet50,31d5325988db9f1c752b,292.2109375,99.57703155993066
resnet50,45bd4d0f4d7478b0cee3,292.2109375,99.53081217005575
resnet50,4820256bcd3e9dc760e4,292.2109375,99.45368311901032
resnet50,383867303b559ef23d2d,292.2109375,99.50657887629332
resnet50,0be2554779cb63aa7570,292.2109375,99.5397561644688
resnet50,6d7204950e9ea9baf7eb,292.2109375,99.46095588658534
resnet50,672289c345c6b157c122,292.2109375,99.46241776988651
resnet50,cabe8ff46702c50e9274,292.2109375,99.52077009500256
resnet50,3de5f3a0109d307875a8,292.2109375,99.57457995858886
resnet50,b3b7d952751637282f6b,292.2109375,99.5307162267872
resnet50,ddb3b09917f249dbe143,292.2109375,99.63919384368948
resnet50,e969791171f72413723a,292.2109375,99.5858224084381
resnet50,298fb3d15c1c56aa6a1b,292.21484375,99.51053764927084
resnet50,68ae5f6b4dfe6c710ddc,292.21484375,99.53141121375998
resnet50,f53fbb95080335df2c2d,292.21484375,99.47345192131108
resnet50,a5cb5dce8fea0d78d48b,292.21484375,99.54511310315728
resnet50,ec65f302bff6f50bb8a2,292.21484375,99.46186206724076
resnet50,a9ccf20cebb67562b233,292.21484375,99.55167831733633
resnet50,b25a98271d50629a4f1d,292.21484375,99.56215191536498
resnet50,3fcb8614fa0697512341,292.21484375,99.50762062529763
resnet50,4b193d510c7badf1e9d7,292.21484375,99.4849176463062
resnet50,b683b233630b42dc4774,292.21484375,99.55106105338513
resnet50,c855206e6d49ba4dd808,292.21484375,98.48631349784895
resnet50,050c33a7d7f32fd92ac6,292.21484375,98.87920150010112
resnet50,f6ff97e8bae06024f9d5,292.21484375,97.97043147328752
resnet50,6f7809e7f2cc44bd0073,292.21484375,98.571318227329
resnet50,b0bfa88a566c909ba480,292.21484375,99.12399370261905
resnet50,b96089f5a0ee8958f842,292.21484375,99.2453447354698
resnet50,1ce9829c757e18582436,292.21875,99.62568155059296
resnet50,2eeed640e4c9f230923b,292.21875,99.53436615608582
resnet50,a2ebfa36b363d02c435f,292.21875,99.29288315829308
resnet50,073d0199c1f24a40dc5b,292.21875,99.26571962636832
resnet50,c10444f8b888582761a4,292.21875,98.82269628783298
resnet50,cd042851c41a91dcb39d,292.21875,99.27446125541456
resnet50,e95f8f97b7e36d6619df,292.21875,99.50005105304987
resnet50,be5eaa3600e1cc67f394,292.21875,99.55383973987512
resnet50,95a6d8332e65a953f807,292.22265625,99.65834438771068
resnet50,9663eccdcbe0b346d2fb,292.22265625,99.49033209674174
resnet50,5986b7616a1228b54cf8,292.22265625,99.53676949172151
resnet50,c502624fc7bb3bb7c430,292.22265625,99.60073089298724
resnet50,2f0b56bb43b367cf0737,292.22265625,99.33399541691143
resnet50,b46523267235e8ce5297,292.22265625,99.52703317525447
resnet50,ce8529c8eee748f146d3,292.22265625,99.61049057404364
resnet50,44d0e6aade6060dd3a4c,292.23046875,99.56546475174936
resnet50,dfafa0b6ed6c5146f025,292.23046875,99.57879586247216
resnet50,ba3f10e49fa71222a167,292.23046875,99.6343427035043
resnet50,30fb16826a0b77fbdaf0,292.234375,99.53565482462189
resnet50,5930368dd828c298772d,292.234375,99.65132407694298
resnet50,91bd6a57b11a9ffdc7f7,292.234375,99.37179793699504
resnet50,e1faca667619e6e13dea,292.234375,99.52552580709995
resnet50,9b619751b75c8a6ad1a0,292.23828125,99.64129712328614
resnet50,971fa9f2047ef0b7580b,292.23828125,99.38462373111992
resnet50,8e0f259737a8cf29adcd,292.23828125,99.0084222832076
resnet50,0b8b19a751055a1ec8a0,292.23828125,99.48272165200368
resnet50,7bf919583e8a809b8724,292.23828125,99.61704547921624
resnet50,7c84bae86fda676d4554,292.23828125,99.67074717390231
resnet50,fa8dca38dfc9570aba66,292.23828125,99.54011554004234
resnet50,759cbbc8629f7d2e495f,292.2421875,99.60471107336048
resnet50,2620f63214c6d4d53a2e,292.24609375,99.63791876374763
resnet50,71e9baf5ea98ffedf5a8,292.25,99.50558208609708
resnet50,a829012efaba7982ccf9,292.25,99.56649913877072
resnet50,f164d1a7b2bfad695ace,292.25,99.53301945136975
resnet50,97909eccc6227b59cdbd,292.25,99.48918418060238
resnet50,822ecb098d1efd5cc425,292.25390625,99.54503494121111
resnet50,344dee6d7742b737b6b8,292.25390625,99.4735559143386
resnet50,a090cb4a0dea5c618439,292.22265625,99.56136965903912
resnet50,0038ddc45cbe29596ba9,292.25390625,99.23418173691904
resnet50,92770e44f32b0fb3805b,292.25390625,99.53384984961414
resnet50,e164986e7efd9a941c8e,292.25390625,99.59537414865996
resnet50,66ea92408bb1d45e8a80,292.25390625,99.63344073633368
resnet50,5f27fa39b4d1da680538,292.25390625,99.51209064652753
resnet50,39bb040fb53a1d176cae,292.25390625,99.31527912462728
resnet50,5722417798e696c036a9,292.25390625,99.63404073877284
resnet50,470a9f15033b9d2fc3d8,292.25390625,99.32793119584736
resnet50,8a58d7d2fbec5278ad37,292.25390625,99.50203249836778
resnet50,d4dcc887e7e10d2bf5fa,292.25390625,99.62821539025268
resnet50,187e3af108481037ef18,292.25390625,99.62303669830132
resnet50,441b74bb0600359a5ae1,292.25390625,99.51785697304172
resnet50,119e22c1bc53d94525dc,292.25390625,99.56931040540418
resnet50,184cfe80bff425a554eb,292.25390625,99.45227306149528
resnet50,f5b6098226ef6b4d3008,292.2578125,99.55395107206338
resnet50,1718763bdc51740a7d7a,292.2578125,99.55127345844652
resnet50,42416e86d762cb8caf7a,292.2578125,99.64893753431788
resnet50,f04e6a8cd69749d35aab,292.2578125,99.55450558316105
resnet50,ead41664127f392d4b3a,292.2578125,99.60206972786634
resnet50,90e1209a31015bd22730,292.2578125,99.53192522944688
resnet50,71d33942636767e8ed5a,292.2578125,99.4309154540084
resnet50,aca16af98b818790e01b,292.2578125,99.64981558994532
efficientnet_b0,e969791171f72413723a,171.2734375,99.44447210514927
efficientnet_b0,f164d1a7b2bfad695ace,171.27734375,99.23715483287398
efficientnet_b0,44d0e6aade6060dd3a4c,171.27734375,98.9964481385508
efficientnet_b0,b25a98271d50629a4f1d,171.28125,97.56151174247272
efficientnet_b0,4820256bcd3e9dc760e4,171.28515625,99.55530369261882
efficientnet_b0,b683b233630b42dc4774,171.28515625,99.38980234789014
efficientnet_b0,4b193d510c7badf1e9d7,171.28515625,99.41482171102018
efficientnet_b0,ead41664127f392d4b3a,171.28515625,99.09805128160968
efficientnet_b0,a9ccf20cebb67562b233,171.29296875,99.02017473008108
efficientnet_b0,3de5f3a0109d307875a8,171.296875,99.17119424357224
efficientnet_b0,cd042851c41a91dcb39d,171.30078125,99.20346208710929
efficientnet_b0,5986b7616a1228b54cf8,171.30078125,98.991919170704
efficientnet_b0,ba3f10e49fa71222a167,171.30078125,99.11246936801398
efficientnet_b0,0b8b19a751055a1ec8a0,171.30859375,99.31915345559176
efficientnet_b0,30fb16826a0b77fbdaf0,171.30859375,99.352511383031
efficientnet_b0,ddb3b09917f249dbe143,171.3125,99.36702561243996
efficientnet_b0,6d7204950e9ea9baf7eb,171.3125,99.39898186459672
efficientnet_b0,a0917b15d44486760f0e,171.3125,99.33670404440552
efficientnet_b0,f6ff97e8bae06024f9d5,171.31640625,99.43230441270356
efficientnet_b0,92770e44f32b0fb3805b,171.28515625,99.41874091625058
efficientnet_b0,2620f63214c6d4d53a2e,171.31640625,96.12696340708924
efficientnet_b0,344dee6d7742b737b6b8,171.31640625,95.33772381255946
efficientnet_b0,9b619751b75c8a6ad1a0,171.31640625,97.79944554631402
efficientnet_b0,c502624fc7bb3bb7c430,171.31640625,96.77819379863097
efficientnet_b0,f04e6a8cd69749d35aab,171.31640625,96.6011751336204
efficientnet_b0,95a6d8332e65a953f807,171.3203125,96.52911852641516
efficientnet_b0,417536921c3e9bb251be,171.32421875,97.96216858533862
efficientnet_b0,13e3bcc97110094b8448,171.32421875,98.8269201980912
efficientnet_b0,fa8dca38dfc9570aba66,171.32421875,98.87919305167613
efficientnet_b0,119e22c1bc53d94525dc,171.32421875,97.4584091798096
efficientnet_b0,b46523267235e8ce5297,171.32421875,98.44923367739754
efficientnet_b0,f53fbb95080335df2c2d,171.32421875,96.91766491117151
efficientnet_b0,560c8d4bfd14be3e6a8a,171.32421875,96.7531462588818
efficientnet_b0,45bd4d0f4d7478b0cee3,171.32421875,98.57788376805078
efficientnet_b0,68ae5f6b4dfe6c710ddc,171.328125,97.72447854376207
efficientnet_b0,6f7809e7f2cc44bd0073,171.33203125,97.62092424389662
efficientnet_b0,822ecb098d1efd5cc425,171.33203125,99.15900223791482
efficientnet_b0,5930368dd828c298772d,171.33203125,99.05533737273323
efficientnet_b0,71e9baf5ea98ffedf5a8,171.33203125,99.07107639674608
efficientnet_b0,cabe8ff46702c50e9274,171.33203125,99.043712459035
efficientnet_b0,edec038dc21e45a32a00,171.34375,99.0947615623245
efficientnet_b0,91bd6a57b11a9ffdc7f7,171.34375,99.10910048200074
efficientnet_b0,97909eccc6227b59cdbd,171.34375,99.10161487041418
efficientnet_b0,1fe86a7b0db415dc071c,171.34375,98.14464777554744
efficientnet_b0,073d0199c1f24a40dc5b,171.34375,97.88944001953656
efficientnet_b0,90e1209a31015bd22730,171.34375,96.40475064630704
efficientnet_b0,7c84bae86fda676d4554,171.34765625,97.1825203879221
efficientnet_b0,a2ebfa36b363d02c435f,171.3515625,97.03866885291283
efficientnet_b0,e1faca667619e6e13dea,171.3515625,98.6447926141011
efficientnet_b0,1ce9829c757e18582436,171.36328125,97.23234365818156
efficientnet_b0,383867303b559ef23d2d,171.36328125,98.2347227422608
efficientnet_b0,1718763bdc51740a7d7a,171.3671875,98.71736767906782
efficientnet_b0,2eeed640e4c9f230923b,171.3671875,98.9884213329932
efficientnet_b0,e95f8f97b7e36d6619df,171.37109375,98.47984294977802
efficientnet_b0,470a9f15033b9d2fc3d8,171.37109375,97.466462610804
efficientnet_b0,7bf919583e8a809b8724,171.375,97.64937750440734
efficientnet_b0,71d33942636767e8ed5a,171.375,96.64078315742624
efficientnet_b0,dfafa0b6ed6c5146f025,171.37890625,98.02736734791188
efficientnet_b0,8a58d7d2fbec5278ad37,171.37890625,97.4139405165748
efficientnet_b0,ce8529c8eee748f146d3,171.37890625,96.52175460462531
efficientnet_b0,9fda59f5fd0df9879327,171.37890625,97.61994722634732
efficientnet_b0,298fb3d15c1c56aa6a1b,171.3828125,98.1309706073108
efficientnet_b0,2f0b56bb43b367cf0737,171.38671875,97.74380210774402
efficientnet_b0,050c33a7d7f32fd92ac6,171.390625,98.2533333554325
efficientnet_b0,aca16af98b818790e01b,171.390625,97.76291658177436
efficientnet_b0,a829012efaba7982ccf9,171.39453125,97.9178752451245
efficientnet_b0,e164986e7efd9a941c8e,171.3984375,98.65800459019908
efficientnet_b0,441b74bb0600359a5ae1,171.40234375,98.0453218233352
efficientnet_b0,9663eccdcbe0b346d2fb,171.40625,97.88369218254788
efficientnet_b0,17d5a963eb476a043cf3,171.41015625,96.8923991790658
efficientnet_b0,a090cb4a0dea5c618439,171.41015625,98.86706126722612
efficientnet_b0,8e0f259737a8cf29adcd,171.41015625,96.84906526559894
efficientnet_b0,be5eaa3600e1cc67f394,171.4140625,96.89586760190772
efficientnet_b0,c855206e6d49ba4dd808,171.4140625,98.93450730656632
efficientnet_b0,d4dcc887e7e10d2bf5fa,171.4140625,97.6718746347843
efficientnet_b0,42416e86d762cb8caf7a,171.41796875,96.80241704378942
efficientnet_b0,4b548c57634f96cce13f,171.41796875,97.91637621232364
efficientnet_b0,2a328ad9ed0463dd8e40,171.41796875,99.09566727854649
efficientnet_b0,672289c345c6b157c122,171.41796875,99.08425633701086
efficientnet_b0,0038ddc45cbe29596ba9,171.41796875,99.10394200262436
efficientnet_b0,c10444f8b888582761a4,171.38671875,99.03161153937624
efficientnet_b0,b0bfa88a566c909ba480,171.41796875,99.02511903779973
efficientnet_b0,b9dd47e849749a3e01ef,171.41796875,98.85501882489856
efficientnet_b0,31d5325988db9f1c752b,171.41796875,99.1241857264322
efficientnet_b0,f5b6098226ef6b4d3008,171.41796875,98.74629156052512
efficientnet_b0,66ea92408bb1d45e8a80,171.41796875,99.06493448186956
efficientnet_b0,ec65f302bff6f50bb8a2,171.41796875,98.92025376820057
efficientnet_b0,0d1cfd3c9113ab92d8a9,171.41796875,98.7481916399403
efficientnet_b0,971fa9f2047ef0b7580b,171.41796875,98.75902351739568
efficientnet_b0,a5cb5dce8fea0d78d48b,171.41796875,98.90539987574836
efficientnet_b0,184cfe80bff425a554eb,171.41796875,98.99275698917027
efficientnet_b0,b96089f5a0ee8958f842,171.421875,98.95746305510454
efficientnet_b0,5f27fa39b4d1da680538,171.421875,98.827041803884
efficientnet_b0,3fcb8614fa0697512341,171.421875,98.99277385035812
efficientnet_b0,39bb040fb53a1d176cae,171.421875,98.95463847648617
efficientnet_b0,5722417798e696c036a9,171.421875,99.04719737786496
efficientnet_b0,b3b7d952751637282f6b,171.421875,98.1542927992634
efficientnet_b0,759cbbc8629f7d2e495f,171.421875,99.12905662204052
efficientnet_b0,0be2554779cb63aa7570,171.421875,97.22347828453576
efficientnet_b0,187e3af108481037ef18,171.421875,99.07476576591644
efficientnet_b0,c855206e6d49ba4dd808,171.42578125,98.4985517178118
efficientnet_b0,13e3bcc97110094b8448,171.42578125,99.04591772942663
efficientnet_b0,b683b233630b42dc4774,171.42578125,98.78172575731764
efficientnet_b0,45bd4d0f4d7478b0cee3,171.42578125,99.07000540801543
efficientnet_b0,b46523267235e8ce5297,171.42578125,97.91389591621386
efficientnet_b0,f04e6a8cd69749d35aab,171.4296875,97.77718358692913
efficientnet_b0,417536921c3e9bb251be,171.4296875,98.91302701321015
efficientnet_b0,5930368dd828c298772d,171.4296875,98.8726215926952
efficientnet_b0,91bd6a57b11a9ffdc7f7,171.4296875,99.02531623647693
efficientnet_b0,44d0e6aade6060dd3a4c,171.43359375,98.91290642690616
efficientnet_b0,2eeed640e4c9f230923b,171.43359375,98.79669792326972
efficientnet_b0,b0bfa88a566c909ba480,171.43359375,99.12782466698324
efficientnet_b0,e1faca667619e6e13dea,171.43359375,99.09020171785816
efficientnet_b0,ba3f10e49fa71222a167,171.43359375,96.66217343717749
efficientnet_b0,66ea92408bb1d45e8a80,171.43359375,95.61280835796336
efficientnet_b0,92770e44f32b0fb3805b,171.43359375,97.92311758695976
efficientnet_b0,9663eccdcbe0b346d2fb,171.4375,93.389309371821
efficientnet_b0,344dee6d7742b737b6b8,171.44140625,93.32573541030337
efficientnet_b0,5f27fa39b4d1da680538,171.44140625,96.90840626235546
efficientnet_b0,4b193d510c7badf1e9d7,171.44140625,96.61204560752452
efficientnet_b0,7c84bae86fda676d4554,171.4453125,97.34511123041943
efficientnet_b0,184cfe80bff425a554eb,171.4453125,98.82455436279724
efficientnet_b0,470a9f15033b9d2fc3d8,171.4453125,98.92817399926469
efficientnet_b0,9fda59f5fd0df9879327,171.4453125,98.82312708595488
efficientnet_b0,17d5a963eb476a043cf3,171.44921875,97.69592115687276
efficientnet_b0,b25a98271d50629a4f1d,171.44921875,97.94931010685072
efficientnet_b0,5986b7616a1228b54cf8,171.44921875,98.39892141889771
efficientnet_b0,b3b7d952751637282f6b,171.44921875,96.94227592226456
efficientnet_b0,95a6d8332e65a953f807,171.44921875,97.42054477296506
efficientnet_b0,298fb3d15c1c56aa6a1b,171.44921875,98.9336304482815
efficientnet_b0,dfafa0b6ed6c5146f025,171.45703125,99.03718996604351
efficientnet_b0,822ecb098d1efd5cc425,171.45703125,97.52427130210894
efficientnet_b0,3de5f3a0109d307875a8,171.45703125,97.77676532120692
efficientnet_b0,6d7204950e9ea9baf7eb,171.45703125,97.70260505805292
efficientnet_b0,a829012efaba7982ccf9,171.4609375,98.32214390375654
efficientnet_b0,a9ccf20cebb67562b233,171.4609375,98.73435171361056
efficientnet_b0,441b74bb0600359a5ae1,171.46484375,99.32468947785527
efficientnet_b0,8a58d7d2fbec5278ad37,171.46484375,98.71535479239394
efficientnet_b0,0be2554779cb63aa7570,171.46484375,98.40867368673229
efficientnet_b0,ce8529c8eee748f146d3,171.46484375,99.06307115783368
efficientnet_b0,a5cb5dce8fea0d78d48b,171.46484375,99.03397231297902
efficientnet_b0,4820256bcd3e9dc760e4,171.47265625,95.88807133694134
efficientnet_b0,1ce9829c757e18582436,171.4765625,97.15239356618083
efficientnet_b0,6f7809e7f2cc44bd0073,171.48046875,96.9946779987833
efficientnet_b0,d4dcc887e7e10d2bf5fa,171.44921875,98.9703345048846
efficientnet_b0,be5eaa3600e1cc67f394,171.48046875,98.16050259002743
efficientnet_b0,383867303b559ef23d2d,171.48046875,98.65570830406875
efficientnet_b0,187e3af108481037ef18,171.48046875,98.9499547657327
efficientnet_b0,0038ddc45cbe29596ba9,171.48046875,99.02273506563388
efficientnet_b0,a2ebfa36b363d02c435f,171.48046875,99.02762707667831
efficientnet_b0,8e0f259737a8cf29adcd,171.48046875,99.0410232282608
efficientnet_b0,672289c345c6b157c122,171.48046875,98.99929170410982
efficientnet_b0,97909eccc6227b59cdbd,171.48046875,98.88981695061074
efficientnet_b0,ead41664127f392d4b3a,171.48046875,99.11338679788668
efficientnet_b0,e95f8f97b7e36d6619df,171.48046875,98.91874895751532
efficientnet_b0,4b548c57634f96cce13f,171.48046875,97.00494080670968
efficientnet_b0,971fa9f2047ef0b7580b,171.484375,97.04231623941546
efficientnet_b0,2620f63214c6d4d53a2e,171.484375,98.59864465345892
efficientnet_b0,cd042851c41a91dcb39d,171.484375,98.6120771811102
efficientnet_b0,560c8d4bfd14be3e6a8a,171.484375,98.72591785439718
efficientnet_b0,71d33942636767e8ed5a,171.484375,99.04014343499506
efficientnet_b0,f6ff97e8bae06024f9d5,171.484375,98.18785757439429
efficientnet_b0,71e9baf5ea98ffedf5a8,171.484375,98.79567462837625
efficientnet_b0,30fb16826a0b77fbdaf0,171.484375,98.82823642585451
efficientnet_b0,073d0199c1f24a40dc5b,171.484375,97.85004504943926
efficientnet_b0,b9dd47e849749a3e01ef,171.484375,98.47519681117546
efficientnet_b0,050c33a7d7f32fd92ac6,171.484375,98.93092475655804
efficientnet_b0,5722417798e696c036a9,171.484375,98.60702233956016
efficientnet_b0,0b8b19a751055a1ec8a0,171.484375,99.02001075884024
efficientnet_b0,9b619751b75c8a6ad1a0,171.484375,94.82290883817076
efficientnet_b0,31d5325988db9f1c752b,171.484375,98.08297999256202
efficientnet_b0,b96089f5a0ee8958f842,171.48828125,98.03397967016936
efficientnet_b0,3fcb8614fa0697512341,171.48828125,98.12324291542294
efficientnet_b0,f164d1a7b2bfad695ace,171.48828125,98.95584038623768
efficientnet_b0,f53fbb95080335df2c2d,171.48828125,98.9745767308827
efficientnet_b0,68ae5f6b4dfe6c710ddc,171.4921875,99.21982564892208
efficientnet_b0,2a328ad9ed0463dd8e40,171.4921875,99.3765851311151
efficientnet_b0,e164986e7efd9a941c8e,171.4921875,94.55197153889556
efficientnet_b0,edec038dc21e45a32a00,171.4921875,93.49942881091653
efficientnet_b0,c502624fc7bb3bb7c430,171.4921875,93.43730174530394
efficientnet_b0,cabe8ff46702c50e9274,171.4921875,93.4424984786154
efficientnet_b0,759cbbc8629f7d2e495f,171.4921875,99.15927880053314
efficientnet_b0,aca16af98b818790e01b,171.4921875,96.33799188579292
efficientnet_b0,0d1cfd3c9113ab92d8a9,171.49609375,97.9573112867906
efficientnet_b0,39bb040fb53a1d176cae,171.49609375,99.0868697720032
efficientnet_b0,a0917b15d44486760f0e,171.49609375,99.17096582372088
efficientnet_b0,ddb3b09917f249dbe143,171.49609375,99.1286751446576
efficientnet_b0,1fe86a7b0db415dc071c,171.5,98.20122004407096
efficientnet_b0,f5b6098226ef6b4d3008,171.5,98.84559625245954
efficientnet_b0,e969791171f72413723a,171.5,99.07013928366256
efficientnet_b0,2f0b56bb43b367cf0737,171.5,98.95888169561654
efficientnet_b0,42416e86d762cb8caf7a,171.50390625,99.504488670851
efficientnet_b0,7bf919583e8a809b8724,171.50390625,99.53396364132736
efficientnet_b0,1718763bdc51740a7d7a,171.50390625,99.56585642376618
efficientnet_b0,c10444f8b888582761a4,171.50390625,99.52623129484182
efficientnet_b0,90e1209a31015bd22730,171.50390625,99.52868105767318
efficientnet_b0,fa8dca38dfc9570aba66,171.50390625,99.49009296469458
efficientnet_b0,ec65f302bff6f50bb8a2,171.50390625,99.45255440649214
efficientnet_b0,119e22c1bc53d94525dc,171.5078125,99.25042503544128
efficientnet_b0,a090cb4a0dea5c618439,171.51171875,99.09136303582416
efficientnet_b0,4b548c57634f96cce13f,171.51953125,96.22309120698124
efficientnet_b0,9fda59f5fd0df9879327,171.5234375,97.50561210416066
efficientnet_b0,a0917b15d44486760f0e,171.5234375,97.18425577775469
efficientnet_b0,edec038dc21e45a32a00,171.5234375,98.19083845912895
efficientnet_b0,b9dd47e849749a3e01ef,171.5234375,99.1943728946116
efficientnet_b0,13e3bcc97110094b8448,171.5234375,99.46150697439334
efficientnet_b0,417536921c3e9bb251be,171.5234375,99.47336355164832
efficientnet_b0,2a328ad9ed0463dd8e40,171.52734375,99.36105217204208
efficientnet_b0,0d1cfd3c9113ab92d8a9,171.49609375,98.70276857405202
efficientnet_b0,560c8d4bfd14be3e6a8a,171.52734375,99.31834922671594
efficientnet_b0,1fe86a7b0db415dc071c,171.52734375,99.42002269089345
efficientnet_b0,17d5a963eb476a043cf3,171.52734375,99.49606194032378
efficientnet_b0,31d5325988db9f1c752b,171.52734375,99.51792385945032
efficientnet_b0,45bd4d0f4d7478b0cee3,171.52734375,99.54681349160184
efficientnet_b0,4820256bcd3e9dc760e4,171.52734375,99.52944932200715
efficientnet_b0,383867303b559ef23d2d,171.52734375,99.5703223705111
efficientnet_b0,0be2554779cb63aa7570,171.52734375,99.55583718894842
efficientnet_b0,6d7204950e9ea9baf7eb,171.52734375,99.6098180382858
efficientnet_b0,672289c345c6b157c122,171.52734375,99.61710460884277
efficientnet_b0,cabe8ff46702c50e9274,171.52734375,99.61527235985592
efficientnet_b0,3de5f3a0109d307875a8,171.52734375,99.56275536208145
efficientnet_b0,b3b7d952751637282f6b,171.52734375,99.55112462146214
efficientnet_b0,ddb3b09917f249dbe143,171.52734375,99.5804289043777
efficientnet_b0,e969791171f72413723a,171.52734375,99.6023133518278
efficientnet_b0,298fb3d15c1c56aa6a1b,171.53125,99.55864083488366
efficientnet_b0,68ae5f6b4dfe6c710ddc,171.53125,99.50730658154517
efficientnet_b0,f53fbb95080335df2c2d,171.53125,99.35045776717118
efficientnet_b0,a5cb5dce8fea0d78d48b,171.53125,96.1774390095608
efficientnet_b0,ec65f302bff6f50bb8a2,171.53125,99.26353511630714
efficientnet_b0,a9ccf20cebb67562b233,171.53125,99.34020528713243
efficientnet_b0,b25a98271d50629a4f1d,171.53125,99.38902410641776
efficientnet_b0,3fcb8614fa0697512341,171.53125,99.40875728127288
efficientnet_b0,4b193d510c7badf1e9d7,171.53125,99.56290798417356
efficientnet_b0,b683b233630b42dc4774,171.53125,99.60620486568268
efficientnet_b0,c855206e6d49ba4dd808,171.53125,99.502916130837
efficientnet_b0,050c33a7d7f32fd92ac6,171.53125,99.51661587399074
efficientnet_b0,f6ff97e8bae06024f9d5,171.53125,99.54267645352346
efficientnet_b0,6f7809e7f2cc44bd0073,171.53125,99.61194724921884
efficientnet_b0,b0bfa88a566c909ba480,171.53125,99.57206084236606
efficientnet_b0,b96089f5a0ee8958f842,171.53515625,99.55418441101426
efficientnet_b0,1ce9829c757e18582436,171.53515625,99.5675786496932
efficientnet_b0,2eeed640e4c9f230923b,171.53515625,99.56611251406066
efficientnet_b0,a2ebfa36b363d02c435f,171.53515625,99.52540658822949
efficientnet_b0,073d0199c1f24a40dc5b,171.53515625,99.48656255833804
efficientnet_b0,c10444f8b888582761a4,171.53515625,99.54352819166913
efficientnet_b0,cd042851c41a91dcb39d,171.53515625,99.56477454547324
efficientnet_b0,e95f8f97b7e36d6619df,171.5390625,99.5027156663662
efficientnet_b0,be5eaa3600e1cc67f394,171.5390625,99.414720243828
efficientnet_b0,95a6d8332e65a953f807,171.5390625,99.5554358673457
efficientnet_b0,9663eccdcbe0b346d2fb,171.5390625,99.5563323999397
efficientnet_b0,5986b7616a1228b54cf8,171.5390625,99.47639383157612
efficientnet_b0,c502624fc7bb3bb7c430,171.5390625,99.52891153226264
efficientnet_b0,2f0b56bb43b367cf0737,171.5390625,99.47554209742655
efficientnet_b0,b46523267235e8ce5297,171.54296875,99.52536205119333
efficientnet_b0,ce8529c8eee748f146d3,171.546875,99.47908625278625
efficientnet_b0,44d0e6aade6060dd3a4c,171.546875,99.44546142215898
efficientnet_b0,dfafa0b6ed6c5146f025,171.55078125,99.4531342473768
efficientnet_b0,ba3f10e49fa71222a167,171.55078125,99.58034570685808
efficientnet_b0,30fb16826a0b77fbdaf0,171.55078125,99.60814960476849
efficientnet_b0,5930368dd828c298772d,171.5546875,99.58212430340092
efficientnet_b0,91bd6a57b11a9ffdc7f7,171.5546875,99.49200395513051
efficientnet_b0,e1faca667619e6e13dea,171.5546875,99.47611039424356
efficientnet_b0,9b619751b75c8a6ad1a0,171.5546875,99.5001355363731
efficientnet_b0,971fa9f2047ef0b7580b,171.5546875,99.48282453910448
efficientnet_b0,8e0f259737a8cf29adcd,171.5546875,99.37633780474914
efficientnet_b0,0b8b19a751055a1ec8a0,171.5546875,99.44187374456762
efficientnet_b0,7bf919583e8a809b8724,171.55859375,96.36845105727788
efficientnet_b0,7c84bae86fda676d4554,171.55859375,99.20758044137295
efficientnet_b0,fa8dca38dfc9570aba66,171.55859375,94.66164014484896
efficientnet_b0,759cbbc8629f7d2e495f,171.5625,97.14363089848264
efficientnet_b0,2620f63214c6d4d53a2e,171.5625,97.96695621604044
efficientnet_b0,71e9baf5ea98ffedf5a8,171.5625,98.85728801878842
efficientnet_b0,a829012efaba7982ccf9,171.56640625,98.86361555745697
efficientnet_b0,f164d1a7b2bfad695ace,171.5703125,98.7450065032911
efficientnet_b0,97909eccc6227b59cdbd,171.5703125,99.03004767769232
efficientnet_b0,822ecb098d1efd5cc425,171.57421875,99.04965164020489
efficientnet_b0,344dee6d7742b737b6b8,171.57421875,98.92910991944066
efficientnet_b0,a090cb4a0dea5c618439,171.54296875,96.44635484650873
efficientnet_b0,0038ddc45cbe29596ba9,171.57421875,98.9206515059978
efficientnet_b0,92770e44f32b0fb3805b,171.57421875,99.15644025028544
efficientnet_b0,e164986e7efd9a941c8e,171.57421875,99.13708856597292
efficientnet_b0,66ea92408bb1d45e8a80,171.57421875,99.22968456925187
efficientnet_b0,5f27fa39b4d1da680538,171.57421875,99.48322440899962
efficientnet_b0,39bb040fb53a1d176cae,171.57421875,99.30699571237972
efficientnet_b0,5722417798e696c036a9,171.57421875,99.43403881170858
efficientnet_b0,470a9f15033b9d2fc3d8,171.57421875,99.29668386551708
efficientnet_b0,8a58d7d2fbec5278ad37,171.57421875,99.34649710933114
efficientnet_b0,d4dcc887e7e10d2bf5fa,171.57421875,99.38245020423354
efficientnet_b0,187e3af108481037ef18,171.57421875,99.20530507558696
efficientnet_b0,441b74bb0600359a5ae1,171.57421875,99.17331955943546
efficientnet_b0,119e22c1bc53d94525dc,171.57421875,99.47661877341068
efficientnet_b0,184cfe80bff425a554eb,171.578125,99.52753517543388
efficientnet_b0,f5b6098226ef6b4d3008,171.578125,99.6383549748227
efficientnet_b0,1718763bdc51740a7d7a,171.578125,99.23080492204028
efficientnet_b0,42416e86d762cb8caf7a,171.578125,99.47396909620812
efficientnet_b0,f04e6a8cd69749d35aab,171.578125,99.52755758331752
efficientnet_b0,ead41664127f392d4b3a,171.578125,99.5087057238759
efficientnet_b0,90e1209a31015bd22730,171.578125,99.5614823640993
efficientnet_b0,71d33942636767e8ed5a,171.578125,99.56519432685847
efficientnet_b0,aca16af98b818790e01b,171.578125,99.4697646942384
rule,e969791171f72413723a,470.81640625,99.3139607412716
rule,f164d1a7b2bfad695ace,470.81640625,99.43796398662944
rule,44d0e6aade6060dd3a4c,470.81640625,99.57206224167004
rule,b25a98271d50629a4f1d,470.8203125,99.51862794699947
rule,4820256bcd3e9dc760e4,470.8203125,99.538411822818
rule,b683b233630b42dc4774,470.9375,99.50472943214248
rule,4b193d510c7badf1e9d7,470.9375,99.63119811125551
rule,ead41664127f392d4b3a,471.06640625,99.53979653954411
rule,a9ccf20cebb67562b233,471.1328125,99.2376582058843
rule,3de5f3a0109d307875a8,471.6640625,99.50715836466098
rule,cd042851c41a91dcb39d,471.6640625,99.47263428306547
rule,5986b7616a1228b54cf8,471.671875,99.41567866995354
rule,ba3f10e49fa71222a167,471.70703125,99.4960251858409
rule,0b8b19a751055a1ec8a0,472.2265625,99.46070873657584
rule,30fb16826a0b77fbdaf0,472.23828125,99.55177083810828
rule,ddb3b09917f249dbe143,472.23828125,99.40264247036906
rule,6d7204950e9ea9baf7eb,472.5390625,99.07128835505527
rule,a0917b15d44486760f0e,472.5078125,94.28534022499592
rule,f6ff97e8bae06024f9d5,472.5390625,99.2389947930185
rule,92770e44f32b0fb3805b,472.5390625,99.32228228853567
rule,2620f63214c6d4d53a2e,472.54296875,99.08855568479449
rule,344dee6d7742b737b6b8,472.54296875,99.53067327207384
rule,9b619751b75c8a6ad1a0,472.546875,99.35618550340324
rule,c502624fc7bb3bb7c430,472.546875,99.57687943435062
rule,f04e6a8cd69749d35aab,472.546875,99.3793333885471
rule,95a6d8332e65a953f807,472.546875,99.34560731165152
rule,417536921c3e9bb251be,472.546875,99.65436849392204
rule,13e3bcc97110094b8448,472.546875,99.5470080081258
rule,fa8dca38dfc9570aba66,472.55078125,99.46148269709076
rule,119e22c1bc53d94525dc,472.55078125,99.36912429272594
rule,b46523267235e8ce5297,472.55078125,99.61950904674204
rule,f53fbb95080335df2c2d,472.55078125,99.4716263464462
rule,560c8d4bfd14be3e6a8a,472.55078125,99.43583753869622
rule,45bd4d0f4d7478b0cee3,472.5546875,99.46774795759958
rule,68ae5f6b4dfe6c710ddc,473.03125,99.6894374349169
rule,6f7809e7f2cc44bd0073,473.0390625,99.51474884637192
rule,822ecb098d1efd5cc425,473.703125,99.59097805445998
rule,5930368dd828c298772d,473.703125,99.447927995952
rule,71e9baf5ea98ffedf5a8,473.70703125,99.57984414686088
rule,cabe8ff46702c50e9274,473.7109375,99.46846737039556
rule,edec038dc21e45a32a00,473.7109375,99.6941062614884
rule,91bd6a57b11a9ffdc7f7,474.00390625,99.4373168867708
rule,97909eccc6227b59cdbd,474.00390625,99.55875409757344
rule,1fe86a7b0db415dc071c,474.0390625,99.4234520047826
rule,073d0199c1f24a40dc5b,474.0390625,99.52949492283896
rule,90e1209a31015bd22730,474.140625,99.50319029058446
rule,7c84bae86fda676d4554,474.40234375,99.6570922926383
rule,a2ebfa36b363d02c435f,474.53515625,99.45396195718251
rule,e1faca667619e6e13dea,474.5703125,99.592423131335
rule,1ce9829c757e18582436,475.1015625,99.61699000651922
rule,383867303b559ef23d2d,475.10546875,99.52931023641064
rule,1718763bdc51740a7d7a,475.1640625,99.42252122056236
rule,2eeed640e4c9f230923b,475.1640625,95.95491664338792
rule,e95f8f97b7e36d6619df,475.6640625,96.78881713745189
rule,470a9f15033b9d2fc3d8,475.66796875,95.18919304116422
rule,7bf919583e8a809b8724,475.71875,94.92156840848712
rule,71d33942636767e8ed5a,476.04296875,92.98539413136618
rule,dfafa0b6ed6c5146f025,476.22265625,93.71955023162486
rule,8a58d7d2fbec5278ad37,476.3203125,89.67446645545206
rule,ce8529c8eee748f146d3,476.41015625,94.89270640109018
rule,9fda59f5fd0df9879327,476.65234375,90.03294315115355
rule,298fb3d15c1c56aa6a1b,476.921875,98.30409217534827
rule,2f0b56bb43b367cf0737,476.921875,99.2794979165392
rule,050c33a7d7f32fd92ac6,476.99609375,99.38791196421052
rule,aca16af98b818790e01b,477.25,99.22418436359966
rule,a829012efaba7982ccf9,477.40625,99.21351034103522
rule,e164986e7efd9a941c8e,477.53125,99.43764397216344
rule,441b74bb0600359a5ae1,477.6796875,99.49596010940093
rule,9663eccdcbe0b346d2fb,477.91796875,98.80013598402108
rule,17d5a963eb476a043cf3,477.91796875,99.43619542091268
rule,a090cb4a0dea5c618439,478.38671875,99.4211344642264
rule,8e0f259737a8cf29adcd,478.4453125,99.40059608967069
rule,be5eaa3600e1cc67f394,478.44921875,99.36977042769402
rule,c855206e6d49ba4dd808,478.81640625,99.40946336235052
rule,d4dcc887e7e10d2bf5fa,478.8359375,99.49182904040082
rule,42416e86d762cb8caf7a,479.1328125,99.55936455294696
rule,4b548c57634f96cce13f,479.14453125,99.49578691605772
rule,2a328ad9ed0463dd8e40,479.27734375,99.30019025854725
rule,672289c345c6b157c122,479.3984375,99.4862886880688
rule,0038ddc45cbe29596ba9,479.74609375,99.50874857432008
rule,c10444f8b888582761a4,479.78125,99.57901648410903
rule,b0bfa88a566c909ba480,479.75,88.57164100676258
rule,b9dd47e849749a3e01ef,479.78125,99.34729426185145
rule,31d5325988db9f1c752b,479.78125,99.50689323455532
rule,f5b6098226ef6b4d3008,479.78125,99.60956524929226
rule,66ea92408bb1d45e8a80,479.78125,99.42319303929035
rule,ec65f302bff6f50bb8a2,479.78125,99.38950104996476
rule,0d1cfd3c9113ab92d8a9,479.78125,99.56856967900188
rule,971fa9f2047ef0b7580b,479.78125,99.43037644913908
rule,a5cb5dce8fea0d78d48b,479.78515625,99.57922585254656
rule,184cfe80bff425a554eb,479.78515625,99.5682086488964
rule,b96089f5a0ee8958f842,479.78515625,99.67499604068496
rule,5f27fa39b4d1da680538,479.78515625,99.73595868159924
rule,3fcb8614fa0697512341,479.78515625,99.59804594150054
rule,39bb040fb53a1d176cae,479.78515625,99.61838711283522
rule,5722417798e696c036a9,479.78515625,99.18974777798896
rule,b3b7d952751637282f6b,479.78515625,99.39586989568498
rule,759cbbc8629f7d2e495f,479.78515625,99.44225803643072
rule,0be2554779cb63aa7570,479.78515625,99.5230373361766
rule,187e3af108481037ef18,479.78515625,99.30592026541709
rule,c855206e6d49ba4dd808,479.78515625,99.52259108049408
rule,13e3bcc97110094b8448,479.7890625,99.386533794929
rule,b683b233630b42dc4774,479.7890625,99.5396095438443
rule,45bd4d0f4d7478b0cee3,479.7890625,99.54916721244412
rule,b46523267235e8ce5297,479.7890625,99.37079896827652
rule,f04e6a8cd69749d35aab,479.79296875,99.46801436913854
rule,417536921c3e9bb251be,479.79296875,99.36844316179702
rule,5930368dd828c298772d,479.79296875,99.34627722336975
rule,91bd6a57b11a9ffdc7f7,479.79296875,99.51215538661386
rule,44d0e6aade6060dd3a4c,479.79296875,99.29515060015648
rule,2eeed640e4c9f230923b,479.79296875,96.27133663815358
rule,b0bfa88a566c909ba480,479.79296875,97.21251387778652
rule,e1faca667619e6e13dea,479.79296875,97.03165381768945
rule,ba3f10e49fa71222a167,479.796875,97.12472036234084
rule,66ea92408bb1d45e8a80,479.796875,96.46231470723744
rule,92770e44f32b0fb3805b,479.796875,95.641809912657
rule,9663eccdcbe0b346d2fb,479.796875,95.65097006279994
rule,344dee6d7742b737b6b8,479.796875,88.8662618435201
rule,5f27fa39b4d1da680538,479.796875,95.66448861950202
rule,4b193d510c7badf1e9d7,479.80078125,94.5365808076774
rule,7c84bae86fda676d4554,479.8046875,93.77814099375564
rule,184cfe80bff425a554eb,479.8046875,94.05490566855306
rule,470a9f15033b9d2fc3d8,479.8046875,93.32837824939858
rule,9fda59f5fd0df9879327,479.8046875,98.9189057700845
rule,17d5a963eb476a043cf3,479.80859375,99.48083736262764
rule,b25a98271d50629a4f1d,479.80859375,99.44902517876804
rule,5986b7616a1228b54cf8,479.80859375,99.5256709548382
rule,b3b7d952751637282f6b,479.8125,99.53211414166692
rule,95a6d8332e65a953f807,479.8125,99.36135417348795
rule,298fb3d15c1c56aa6a1b,479.81640625,99.36571526483704
rule,dfafa0b6ed6c5146f025,479.81640625,99.40493619133396
rule,822ecb098d1efd5cc425,479.81640625,99.39210478995469
rule,3de5f3a0109d307875a8,479.81640625,99.36735021371912
rule,6d7204950e9ea9baf7eb,479.8203125,99.4217814153993
rule,a829012efaba7982ccf9,479.8203125,99.47783386770207
rule,a9ccf20cebb67562b233,479.8203125,99.45059245555616
rule,441b74bb0600359a5ae1,479.82421875,99.39760697198004
rule,8a58d7d2fbec5278ad37,479.82421875,99.50764227890387
rule,0be2554779cb63aa7570,479.82421875,99.5009723812425
rule,ce8529c8eee748f146d3,479.82421875,99.3950382143076
rule,a5cb5dce8fea0d78d48b,479.828125,99.6533670814802
rule,4820256bcd3e9dc760e4,479.90234375,99.47089536712544
rule,1ce9829c757e18582436,480.109375,99.6749934188804
rule,6f7809e7f2cc44bd0073,480.22265625,99.04541164194802
rule,d4dcc887e7e10d2bf5fa,480.19140625,89.19237837186874
rule,be5eaa3600e1cc67f394,480.22265625,99.36966907282192
rule,383867303b559ef23d2d,480.22265625,99.4988910082863
rule,187e3af108481037ef18,480.22265625,99.49549248508193
rule,0038ddc45cbe29596ba9,480.22265625,99.5243129331342
rule,a2ebfa36b363d02c435f,480.22265625,99.53719204225246
rule,8e0f259737a8cf29adcd,480.22265625,99.62713596931964
rule,672289c345c6b157c122,480.22265625,99.55537176146836
rule,97909eccc6227b59cdbd,480.22265625,99.56284760456266
rule,ead41664127f392d4b3a,480.22265625,99.05479633562844
rule,e95f8f97b7e36d6619df,480.2265625,99.45649819520398
rule,4b548c57634f96cce13f,480.2265625,99.44656136259805
rule,971fa9f2047ef0b7580b,480.2265625,99.49776216766368
rule,2620f63214c6d4d53a2e,480.2265625,99.5615371710218
rule,cd042851c41a91dcb39d,480.2265625,99.60518587568596
rule,560c8d4bfd14be3e6a8a,480.2265625,99.36266116887258
rule,71d33942636767e8ed5a,480.2265625,99.43520213101434
rule,f6ff97e8bae06024f9d5,480.2265625,99.4026768155068
rule,71e9baf5ea98ffedf5a8,480.2265625,99.59306074183758
rule,30fb16826a0b77fbdaf0,480.2265625,99.45809972703152
rule,073d0199c1f24a40dc5b,480.2265625,99.3506726061666
rule,b9dd47e849749a3e01ef,480.2265625,99.27262745310406
rule,050c33a7d7f32fd92ac6,480.2265625,99.43330362030272
rule,5722417798e696c036a9,480.2265625,99.4603589653054
rule,0b8b19a751055a1ec8a0,480.2265625,99.5301878962871
rule,9b619751b75c8a6ad1a0,480.2265625,99.46269876564013
rule,31d5325988db9f1c752b,480.2265625,99.40235934764264
rule,b96089f5a0ee8958f842,480.2265625,99.5937172823443
rule,3fcb8614fa0697512341,480.2265625,99.52808777893549
rule,f164d1a7b2bfad695ace,480.2265625,99.56784673180312
rule,f53fbb95080335df2c2d,480.2265625,99.54537756607908
rule,68ae5f6b4dfe6c710ddc,480.2265625,99.47314739957734
rule,2a328ad9ed0463dd8e40,480.23046875,99.45676826179113
rule,e164986e7efd9a941c8e,480.23046875,99.535735226746
rule,edec038dc21e45a32a00,480.23046875,99.54761974612364
rule,c502624fc7bb3bb7c430,480.23046875,99.44718023080216
rule,cabe8ff46702c50e9274,480.23046875,99.54377709772858
rule,759cbbc8629f7d2e495f,480.234375,99.45992097073206
rule,aca16af98b818790e01b,480.234375,99.41974902646608
rule,0d1cfd3c9113ab92d8a9,480.234375,99.44893067993608
rule,39bb040fb53a1d176cae,480.234375,99.47286228591707
rule,a0917b15d44486760f0e,480.234375,99.45742642953586
rule,ddb3b09917f249dbe143,480.23828125,99.61571327266178
rule,1fe86a7b0db415dc071c,480.23828125,99.46574543297916
rule,f5b6098226ef6b4d3008,480.2421875,99.50262165599608
rule,e969791171f72413723a,480.2421875,99.27238694651756
rule,2f0b56bb43b367cf0737,480.2421875,99.19847274637291
rule,42416e86d762cb8caf7a,480.24609375,99.2719809233064
rule,7bf919583e8a809b8724,480.25,99.38105303055286
rule,1718763bdc51740a7d7a,480.25,98.74934905556876
rule,c10444f8b888582761a4,480.25,99.43851004363547
rule,90e1209a31015bd22730,480.25,99.25010379229798
rule,fa8dca38dfc9570aba66,480.25390625,99.46144263473887
rule,ec65f302bff6f50bb8a2,480.2578125,99.04416469135316
rule,119e22c1bc53d94525dc,480.2578125,99.33188747216808
rule,a090cb4a0dea5c618439,480.2578125,99.40678087296796
rule,4b548c57634f96cce13f,480.26171875,99.46270685871228
rule,9fda59f5fd0df9879327,480.26171875,99.58237900161082
rule,a0917b15d44486760f0e,480.26171875,99.42771075696156
rule,edec038dc21e45a32a00,480.265625,99.6739230174443
rule,b9dd47e849749a3e01ef,480.265625,99.57612278888598
rule,13e3bcc97110094b8448,480.265625,99.43702968022968
rule,417536921c3e9bb251be,480.234375,74.71334561066053
rule,2a328ad9ed0463dd8e40,480.265625,99.37102942191872
rule,0d1cfd3c9113ab92d8a9,480.265625,99.46875943978964
rule,560c8d4bfd14be3e6a8a,480.265625,99.57000278633096
rule,1fe86a7b0db415dc071c,480.265625,99.63597868124133
rule,17d5a963eb476a043cf3,480.265625,99.52959140276796
rule,31d5325988db9f1c752b,480.265625,99.47539109177988
rule,45bd4d0f4d7478b0cee3,480.265625,99.45075192724693
rule,4820256bcd3e9dc760e4,480.265625,99.55807307857576
rule,383867303b559ef23d2d,480.265625,99.60328400778997
rule,0be2554779cb63aa7570,480.265625,99.70720209130896
rule,6d7204950e9ea9baf7eb,480.265625,99.592384971164
rule,672289c345c6b157c122,480.265625,99.46291457185409
rule,cabe8ff46702c50e9274,480.265625,99.47114210907608
rule,3de5f3a0109d307875a8,480.265625,99.4476389282148
rule,b3b7d952751637282f6b,480.265625,99.59076426728996
rule,ddb3b09917f249dbe143,480.265625,99.30349630355516
rule,e969791171f72413723a,480.265625,99.64772919844768
rule,298fb3d15c1c56aa6a1b,480.265625,99.5901102230747
rule,68ae5f6b4dfe6c710ddc,480.265625,99.60210898866865
rule,f53fbb95080335df2c2d,480.265625,99.58221355743338
rule,a5cb5dce8fea0d78d48b,480.265625,99.46930893055536
rule,ec65f302bff6f50bb8a2,480.265625,99.51194980468014
rule,a9ccf20cebb67562b233,480.265625,99.4946490634737
rule,b25a98271d50629a4f1d,480.265625,99.54609527644546
rule,3fcb8614fa0697512341,480.265625,99.57489715607598
rule,4b193d510c7badf1e9d7,480.265625,99.51108830764775
rule,b683b233630b42dc4774,480.265625,99.4391474796584
rule,c855206e6d49ba4dd808,480.26953125,99.5131852579517
rule,050c33a7d7f32fd92ac6,480.26953125,99.4997229695078
rule,f6ff97e8bae06024f9d5,480.26953125,99.37089334563994
rule,6f7809e7f2cc44bd0073,480.26953125,99.49748732329203
rule,b0bfa88a566c909ba480,480.26953125,99.522614822711
rule,b96089f5a0ee8958f842,480.26953125,99.7066548573287
rule,1ce9829c757e18582436,480.26953125,99.53992157586774
rule,2eeed640e4c9f230923b,480.2734375,99.52000868034754
rule,a2ebfa36b363d02c435f,480.28125,99.49766273505492
rule,073d0199c1f24a40dc5b,480.28125,99.56699252435868
rule,c10444f8b888582761a4,480.28125,99.48062506892892
rule,cd042851c41a91dcb39d,480.28515625,99.36302541538193
rule,e95f8f97b7e36d6619df,480.28515625,99.47735318116564
rule,be5eaa3600e1cc67f394,480.28515625,99.46130921264948
rule,95a6d8332e65a953f807,480.28515625,99.4489468113355
rule,9663eccdcbe0b346d2fb,480.28515625,99.56085058124177
rule,5986b7616a1228b54cf8,480.2890625,99.51460028923358
rule,c502624fc7bb3bb7c430,480.2890625,99.58674153251732
rule,2f0b56bb43b367cf0737,480.29296875,99.4410111619586
rule,b46523267235e8ce5297,480.29296875,99.46842328270222
rule,ce8529c8eee748f146d3,480.29296875,99.5303037855234
rule,44d0e6aade6060dd3a4c,480.29296875,99.48453819423308
rule,dfafa0b6ed6c5146f025,480.29296875,99.45631520205508
rule,ba3f10e49fa71222a167,480.30078125,99.51767060990623
rule,30fb16826a0b77fbdaf0,480.3046875,99.57146984987892
rule,5930368dd828c298772d,480.3046875,99.51645960153384
rule,91bd6a57b11a9ffdc7f7,480.3046875,99.60283872071504
rule,e1faca667619e6e13dea,480.3046875,99.55642258926773
rule,9b619751b75c8a6ad1a0,480.3046875,99.5132918079788
rule,971fa9f2047ef0b7580b,480.3046875,99.51393443197914
rule,8e0f259737a8cf29adcd,480.30859375,99.37360199915328
rule,0b8b19a751055a1ec8a0,480.453125,99.1157129193987
rule,7bf919583e8a809b8724,480.453125,99.3445193255023
rule,7c84bae86fda676d4554,480.45703125,99.34813743197304
rule,fa8dca38dfc9570aba66,480.45703125,99.60590080195422
rule,759cbbc8629f7d2e495f,480.65234375,99.54212996102554
rule,2620f63214c6d4d53a2e,480.7421875,99.54385016605237
rule,71e9baf5ea98ffedf5a8,481.0078125,99.53171587489037
rule,a829012efaba7982ccf9,481.33984375,99.50139680432964
rule,f164d1a7b2bfad695ace,481.31640625,90.33092941227878
rule,97909eccc6227b59cdbd,481.34765625,99.30445726769194
rule,822ecb098d1efd5cc425,481.34765625,99.37919803950744
rule,344dee6d7742b737b6b8,481.34765625,99.37783116677554
rule,a090cb4a0dea5c618439,481.34765625,99.30921653731822
rule,0038ddc45cbe29596ba9,481.34765625,99.28183587828435
rule,92770e44f32b0fb3805b,481.34765625,99.27131791686053
rule,e164986e7efd9a941c8e,481.34765625,99.18988089364969
rule,66ea92408bb1d45e8a80,481.34765625,99.33640690744495
rule,5f27fa39b4d1da680538,481.34765625,99.41854964639224
rule,39bb040fb53a1d176cae,481.34765625,99.49207639269358
rule,5722417798e696c036a9,481.34765625,99.45308633577892
rule,470a9f15033b9d2fc3d8,481.34765625,99.54529603954764
rule,8a58d7d2fbec5278ad37,481.34765625,99.47904132204546
rule,d4dcc887e7e10d2bf5fa,481.3515625,99.33370074286093
rule,187e3af108481037ef18,481.3515625,99.49957590534156
rule,441b74bb0600359a5ae1,481.3515625,99.4331779115367
rule,119e22c1bc53d94525dc,481.3515625,99.15332766505016
rule,184cfe80bff425a554eb,481.3515625,99.41093285778854
rule,f5b6098226ef6b4d3008,481.3515625,99.49593528107816
rule,1718763bdc51740a7d7a,481.3515625,99.5929960202332
rule,42416e86d762cb8caf7a,481.3515625,99.3742769560546
rule,f04e6a8cd69749d35aab,481.3515625,99.3596511975491
rule,ead41664127f392d4b3a,481.3515625,99.38123685515626
rule,90e1209a31015bd22730,481.3515625,99.56902476720828
rule,71d33942636767e8ed5a,481.3515625,99.33895472105635
rule,aca16af98b818790e01b,481.35546875,99.43517590757531
learned,e969791171f72413723a,472.84375,96.83087185770675
learned,f164d1a7b2bfad695ace,472.875,97.25357848788896
learned,44d0e6aade6060dd3a4c,472.875,98.17052669459216
learned,b25a98271d50629a4f1d,472.875,96.679998801285
learned,4820256bcd3e9dc760e4,472.8828125,99.40525746825946
learned,b683b233630b42dc4774,472.8828125,99.51328189377044
learned,4b193d510c7badf1e9d7,472.8828125,99.19540321239012
learned,ead41664127f392d4b3a,472.9296875,99.27284393495638
learned,a9ccf20cebb67562b233,473.2890625,99.38573650414864
learned,3de5f3a0109d307875a8,473.6328125,97.52649578812915
learned,cd042851c41a91dcb39d,473.6328125,98.5805790992598
learned,5986b7616a1228b54cf8,473.63671875,97.01033502998231
learned,ba3f10e49fa71222a167,473.63671875,94.7351491318669
learned,0b8b19a751055a1ec8a0,474.1171875,95.22718515041294
learned,30fb16826a0b77fbdaf0,474.12109375,95.16041336510128
learned,ddb3b09917f249dbe143,474.125,98.9987411962332
learned,6d7204950e9ea9baf7eb,474.4140625,86.69416693026525
learned,a0917b15d44486760f0e,474.54296875,98.75737605125984
learned,f6ff97e8bae06024f9d5,474.66796875,94.71790416220026
learned,92770e44f32b0fb3805b,474.87109375,98.2323066387074
learned,2620f63214c6d4d53a2e,475.0078125,98.48870183671444
learned,344dee6d7742b737b6b8,475.46875,96.03780268277512
learned,9b619751b75c8a6ad1a0,475.46875,96.3522582196824
learned,c502624fc7bb3bb7c430,475.5390625,97.5977161435936
learned,f04e6a8cd69749d35aab,475.62109375,93.59774777660807
learned,95a6d8332e65a953f807,475.63671875,95.10172954384002
learned,417536921c3e9bb251be,476.17578125,95.34950653459435
learned,13e3bcc97110094b8448,476.1875,98.27620781191344
learned,fa8dca38dfc9570aba66,476.19140625,98.97082100252852
learned,119e22c1bc53d94525dc,476.33203125,95.91394326736471
learned,b46523267235e8ce5297,476.40625,98.74686294401516
learned,f53fbb95080335df2c2d,476.80078125,98.02030891319002
learned,560c8d4bfd14be3e6a8a,476.953125,97.4961616520463
learned,45bd4d0f4d7478b0cee3,476.953125,98.26888709090436
learned,68ae5f6b4dfe6c710ddc,477.32421875,98.8835253736006
learned,6f7809e7f2cc44bd0073,477.38671875,98.87717242300184
learned,822ecb098d1efd5cc425,478.41796875,98.50425827923564
learned,5930368dd828c298772d,478.421875,99.1104292709636
learned,71e9baf5ea98ffedf5a8,478.421875,99.35425650384174
learned,cabe8ff46702c50e9274,478.42578125,99.40698761476617
learned,edec038dc21e45a32a00,478.42578125,98.9072276677332
learned,91bd6a57b11a9ffdc7f7,478.578125,96.48025616684993
learned,97909eccc6227b59cdbd,478.578125,94.01593145747944
learned,1fe86a7b0db415dc071c,478.578125,99.0559857338484
learned,073d0199c1f24a40dc5b,478.796875,94.42959609109202
learned,90e1209a31015bd22730,478.80078125,98.95482917827523
learned,7c84bae86fda676d4554,479.1484375,94.61842186367645
learned,a2ebfa36b363d02c435f,479.2890625,99.24783734938804
learned,e1faca667619e6e13dea,479.2890625,96.21025899523636
learned,1ce9829c757e18582436,479.7734375,99.44074866000231
learned,383867303b559ef23d2d,479.7734375,99.19636119309924
learned,1718763bdc51740a7d7a,479.7734375,99.18653583481468
learned,2eeed640e4c9f230923b,479.84375,98.7587719825584
learned,e95f8f97b7e36d6619df,480.30859375,98.5536917243176
learned,470a9f15033b9d2fc3d8,480.45703125,94.87996096077028
learned,7bf919583e8a809b8724,480.5078125,99.16594568520064
learned,71d33942636767e8ed5a,480.640625,99.4447000056779
learned,dfafa0b6ed6c5146f025,480.75390625,99.461612545485
learned,8a58d7d2fbec5278ad37,480.85546875,99.16183654599642
learned,ce8529c8eee748f146d3,481.45703125,99.19072531221364
learned,9fda59f5fd0df9879327,481.45703125,99.36869413999466
learned,298fb3d15c1c56aa6a1b,481.4609375,99.46820257076
learned,2f0b56bb43b367cf0737,481.43359375,83.35538697718444
learned,050c33a7d7f32fd92ac6,481.46484375,97.8771071172876
learned,aca16af98b818790e01b,481.46484375,99.09592366018524
learned,a829012efaba7982ccf9,481.46484375,98.88393578135413
learned,e164986e7efd9a941c8e,481.46484375,96.08421097856557
learned,441b74bb0600359a5ae1,481.46484375,99.1992290832848
learned,9663eccdcbe0b346d2fb,481.46484375,99.2705760702868
learned,17d5a963eb476a043cf3,481.46484375,98.85882759367188
learned,a090cb4a0dea5c618439,481.46484375,99.38974295438048
learned,8e0f259737a8cf29adcd,481.46484375,99.15264475142207
learned,be5eaa3600e1cc67f394,481.46484375,99.1966766059794
learned,c855206e6d49ba4dd808,481.46875,98.35582573524168
learned,d4dcc887e7e10d2bf5fa,481.46875,98.83463431439336
learned,42416e86d762cb8caf7a,481.46875,99.04985906185053
learned,4b548c57634f96cce13f,481.46875,91.99763536049292
learned,2a328ad9ed0463dd8e40,481.46875,99.23202258411766
learned,672289c345c6b157c122,481.46875,99.32253313505464
learned,0038ddc45cbe29596ba9,481.46875,97.50559653205585
learned,c10444f8b888582761a4,481.46875,98.66199129730254
learned,b0bfa88a566c909ba480,481.46875,99.13273669132396
learned,b9dd47e849749a3e01ef,481.46875,99.25224631076438
learned,31d5325988db9f1c752b,481.46875,99.03822206112316
learned,f5b6098226ef6b4d3008,481.46875,98.1368464592648
learned,66ea92408bb1d45e8a80,481.46875,99.36075586074612
learned,ec65f302bff6f50bb8a2,481.47265625,99.18092920807248
learned,0d1cfd3c9113ab92d8a9,481.47265625,97.7947667826984
learned,971fa9f2047ef0b7580b,481.47265625,98.97208213727232
learned,a5cb5dce8fea0d78d48b,481.4765625,97.5841016279539
learned,184cfe80bff425a554eb,481.4765625,99.22764195504186
learned,b96089f5a0ee8958f842,481.4765625,99.17582679043552
learned,5f27fa39b4d1da680538,481.4765625,96.68628033209774
learned,3fcb8614fa0697512341,481.4765625,98.54610517868468
learned,39bb040fb53a1d176cae,481.4765625,97.3617593397974
learned,5722417798e696c036a9,481.4765625,98.54990538138736
learned,b3b7d952751637282f6b,481.4765625,98.76883501074394
learned,759cbbc8629f7d2e495f,481.4765625,99.32621145457018
learned,0be2554779cb63aa7570,481.48046875,99.29922071110656
learned,187e3af108481037ef18,481.48046875,96.88224398383215
learned,c855206e6d49ba4dd808,481.48828125,99.23227170523693
learned,13e3bcc97110094b8448,481.48828125,99.28121696562144
learned,b683b233630b42dc4774,481.48828125,99.3382803231664
learned,45bd4d0f4d7478b0cee3,481.48828125,94.47786903564467
learned,b46523267235e8ce5297,481.48828125,97.1469666900738
learned,f04e6a8cd69749d35aab,481.48828125,98.736965753809
learned,417536921c3e9bb251be,481.48828125,99.11509204036128
learned,5930368dd828c298772d,481.4921875,99.09735926093325
learned,91bd6a57b11a9ffdc7f7,481.4921875,98.465188451246
learned,44d0e6aade6060dd3a4c,481.49609375,97.27209994986411
learned,2eeed640e4c9f230923b,481.49609375,96.91735169733874
learned,b0bfa88a566c909ba480,481.49609375,97.38850898227076
learned,e1faca667619e6e13dea,481.49609375,98.86787433115067
learned,ba3f10e49fa71222a167,481.50390625,98.95948383800534
learned,66ea92408bb1d45e8a80,481.50390625,98.82092356853776
learned,92770e44f32b0fb3805b,481.50390625,99.11109529331478
learned,9663eccdcbe0b346d2fb,481.50390625,99.02927260822636
learned,344dee6d7742b737b6b8,481.55078125,99.21116652240818
learned,5f27fa39b4d1da680538,481.5546875,99.02720625208924
learned,4b193d510c7badf1e9d7,481.5546875,98.68400226511385
learned,7c84bae86fda676d4554,481.6015625,98.34796340252082
learned,184cfe80bff425a554eb,481.69140625,99.3217363044214
learned,470a9f15033b9d2fc3d8,482.21875,99.13971215989991
learned,9fda59f5fd0df9879327,482.21875,99.16921444117972
learned,17d5a963eb476a043cf3,482.21875,98.64660036870012
learned,b25a98271d50629a4f1d,482.1875,89.30634485362647
learned,5986b7616a1228b54cf8,482.21875,98.7798750283066
learned,b3b7d952751637282f6b,482.21875,99.23808877293123
learned,95a6d8332e65a953f807,482.21875,98.99679290335123
learned,298fb3d15c1c56aa6a1b,482.21875,99.20404625698052
learned,dfafa0b6ed6c5146f025,482.21875,99.18180829473503
learned,822ecb098d1efd5cc425,482.21875,99.36907045700973
learned,3de5f3a0109d307875a8,482.21875,98.87191017435612
learned,6d7204950e9ea9baf7eb,482.21875,99.31605367588212
learned,a829012efaba7982ccf9,482.21875,99.42775499581948
learned,a9ccf20cebb67562b233,482.21875,99.17213329508948
learned,441b74bb0600359a5ae1,482.21875,98.42206846744337
learned,8a58d7d2fbec5278ad37,482.21875,99.42602038627425
learned,0be2554779cb63aa7570,482.22265625,99.3828907573526
learned,ce8529c8eee748f146d3,482.22265625,99.28863131757193
learned,a5cb5dce8fea0d78d48b,482.22265625,97.0591859150568
learned,4820256bcd3e9dc760e4,482.22265625,98.93852139016816
learned,1ce9829c757e18582436,482.22265625,96.82963632614602
learned,6f7809e7f2cc44bd0073,482.22265625,97.37691809764976
learned,d4dcc887e7e10d2bf5fa,482.22265625,99.5139682075462
learned,be5eaa3600e1cc67f394,482.22265625,99.37726666502344
learned,383867303b559ef23d2d,482.22265625,99.39472520977988
learned,187e3af108481037ef18,482.22265625,97.81869669543474
learned,0038ddc45cbe29596ba9,482.22265625,95.74289218109732
learned,a2ebfa36b363d02c435f,482.2265625,99.28378064097774
learned,8e0f259737a8cf29adcd,482.23046875,99.17841050271554
learned,672289c345c6b157c122,482.23046875,99.24980349540184
learned,97909eccc6227b59cdbd,482.23046875,99.21983000718254
learned,ead41664127f392d4b3a,482.23046875,99.51874824758484
learned,e95f8f97b7e36d6619df,482.23046875,99.53965198254964
learned,4b548c57634f96cce13f,482.23046875,97.63891143525528
learned,971fa9f2047ef0b7580b,482.23046875,97.19360734564712
learned,2620f63214c6d4d53a2e,482.23046875,98.82831633317424
learned,cd042851c41a91dcb39d,482.23046875,97.7316903588498
learned,560c8d4bfd14be3e6a8a,482.234375,97.58207087720872
learned,71d33942636767e8ed5a,482.234375,95.83991140971143
learned,f6ff97e8bae06024f9d5,482.23828125,97.56545908845816
learned,71e9baf5ea98ffedf5a8,482.23828125,91.39739558309016
learned,30fb16826a0b77fbdaf0,482.23828125,92.75631899751284
learned,073d0199c1f24a40dc5b,482.23828125,89.44454183008833
learned,b9dd47e849749a3e01ef,482.23828125,97.83207561275036
learned,050c33a7d7f32fd92ac6,482.2421875,98.75905568650973
learned,5722417798e696c036a9,482.2421875,98.78752424717548
learned,0b8b19a751055a1ec8a0,482.2421875,99.446399991237
learned,9b619751b75c8a6ad1a0,482.2421875,99.43359027278495
learned,31d5325988db9f1c752b,482.2421875,99.484309976646
learned,b96089f5a0ee8958f842,482.2421875,99.47896924234406
learned,3fcb8614fa0697512341,482.2421875,98.59158550814472
learned,f164d1a7b2bfad695ace,482.24609375,98.25037765642574
learned,f53fbb95080335df2c2d,482.24609375,97.33628349998824
learned,68ae5f6b4dfe6c710ddc,482.25390625,96.9154163520958
learned,2a328ad9ed0463dd8e40,482.2578125,95.97815859972197
learned,e164986e7efd9a941c8e,482.2578125,99.56212956823396
learned,edec038dc21e45a32a00,482.2578125,99.42440392626712
learned,c502624fc7bb3bb7c430,482.2578125,99.50420689593768
learned,cabe8ff46702c50e9274,482.2578125,99.48683027861128
learned,759cbbc8629f7d2e495f,482.26171875,97.50108526527912
learned,aca16af98b818790e01b,482.26171875,99.33536808962204
learned,0d1cfd3c9113ab92d8a9,482.26171875,99.60982501849855
learned,39bb040fb53a1d176cae,482.26953125,99.43217002183547
learned,a0917b15d44486760f0e,482.26953125,99.6662067796556
learned,ddb3b09917f249dbe143,482.296875,99.26740792699816
learned,1fe86a7b0db415dc071c,482.62109375,99.49760449869248
learned,f5b6098226ef6b4d3008,482.78125,99.54153653655858
learned,e969791171f72413723a,483.61328125,99.48377318221172
learned,2f0b56bb43b367cf0737,483.62109375,99.61672350960748
learned,42416e86d762cb8caf7a,483.625,99.55978094094324
learned,7bf919583e8a809b8724,483.59765625,86.31958713614935
learned,1718763bdc51740a7d7a,483.62890625,99.40518592043225
learned,c10444f8b888582761a4,483.62890625,99.44587061861768
learned,90e1209a31015bd22730,483.62890625,99.768416546721
learned,fa8dca38dfc9570aba66,483.62890625,99.55962830697956
learned,ec65f302bff6f50bb8a2,483.62890625,99.55004937957256
learned,119e22c1bc53d94525dc,483.62890625,99.49256664559142
learned,a090cb4a0dea5c618439,483.62890625,99.59142587057336
learned,4b548c57634f96cce13f,483.62890625,99.50265279446116
learned,9fda59f5fd0df9879327,483.62890625,99.37315531419264
learned,a0917b15d44486760f0e,483.62890625,99.61218751273748
learned,edec038dc21e45a32a00,483.62890625,99.51448534218768
learned,b9dd47e849749a3e01ef,483.62890625,98.11709744297004
learned,13e3bcc97110094b8448,483.62890625,97.35153220457252
learned,417536921c3e9bb251be,483.6328125,97.14649987723035
learned,2a328ad9ed0463dd8e40,483.6328125,98.17997749682056
learned,0d1cfd3c9113ab92d8a9,483.6328125,98.6308357067646
learned,560c8d4bfd14be3e6a8a,483.6328125,99.46374766091036
learned,1fe86a7b0db415dc071c,483.6328125,99.36812056268704
learned,17d5a963eb476a043cf3,483.6328125,99.19223647729343
learned,31d5325988db9f1c752b,483.6328125,99.45799323604842
learned,45bd4d0f4d7478b0cee3,483.6328125,99.4154564429127
learned,4820256bcd3e9dc760e4,483.6328125,99.6038009127403
learned,383867303b559ef23d2d,483.6328125,99.53989981375004
learned,0be2554779cb63aa7570,483.6328125,99.42767335898245
learned,6d7204950e9ea9baf7eb,483.6328125,99.44472392136736
learned,672289c345c6b157c122,483.6328125,99.54539694670837
learned,cabe8ff46702c50e9274,483.6328125,99.20841792516453
learned,3de5f3a0109d307875a8,483.6328125,99.43779031061578
learned,b3b7d952751637282f6b,483.6328125,99.59114995160262
learned,ddb3b09917f249dbe143,483.63671875,99.51755741640606
learned,e969791171f72413723a,483.63671875,99.50850921541362
learned,298fb3d15c1c56aa6a1b,483.63671875,99.49796361208077
learned,68ae5f6b4dfe6c710ddc,483.63671875,99.45911902148774
learned,f53fbb95080335df2c2d,483.63671875,99.38676767209566
learned,a5cb5dce8fea0d78d48b,483.63671875,99.08217973809496
learned,ec65f302bff6f50bb8a2,483.63671875,99.64186845164292
learned,a9ccf20cebb67562b233,483.63671875,99.43712064077968
learned,b25a98271d50629a4f1d,483.63671875,99.27318641283786
learned,3fcb8614fa0697512341,483.640625,99.32651157506514
learned,4b193d510c7badf1e9d7,483.640625,99.3734344993856
learned,b683b233630b42dc4774,483.640625,99.43881953431624
learned,c855206e6d49ba4dd808,483.640625,99.30937712064318
learned,050c33a7d7f32fd92ac6,483.640625,99.27299382258325
learned,f6ff97e8bae06024f9d5,483.64453125,99.46111188363604
learned,6f7809e7f2cc44bd0073,483.64453125,99.50505539361284
learned,b0bfa88a566c909ba480,483.64453125,99.44711537741914
learned,b96089f5a0ee8958f842,483.64453125,99.50378705887978
learned,1ce9829c757e18582436,483.64453125,97.52068502872686
learned,2eeed640e4c9f230923b,483.64453125,98.7309550772482
learned,a2ebfa36b363d02c435f,483.65234375,98.29637498532348
learned,073d0199c1f24a40dc5b,483.65625,97.24485856402276
learned,c10444f8b888582761a4,483.65625,98.87700981239496
learned,cd042851c41a91dcb39d,483.65625,98.2710593650976
learned,e95f8f97b7e36d6619df,483.65625,98.05531452050948
learned,be5eaa3600e1cc67f394,483.65625,99.1818134419318
learned,95a6d8332e65a953f807,483.65625,99.45175490750977
learned,9663eccdcbe0b346d2fb,483.65625,99.34800431942386
learned,5986b7616a1228b54cf8,483.66015625,99.49845779806738
learned,c502624fc7bb3bb7c430,483.66015625,99.55697735372432
learned,2f0b56bb43b367cf0737,483.66015625,99.38881192843068
learned,b46523267235e8ce5297,483.66015625,99.47863934340512
learned,ce8529c8eee748f146d3,483.66796875,99.38941442598986
learned,44d0e6aade6060dd3a4c,483.63671875,83.67419183802859
learned,dfafa0b6ed6c5146f025,483.66796875,99.32632714174926
learned,ba3f10e49fa71222a167,483.66796875,99.2978997109696
learned,30fb16826a0b77fbdaf0,483.66796875,99.14874434142416
learned,5930368dd828c298772d,483.66796875,99.19668994135851
learned,91bd6a57b11a9ffdc7f7,483.66796875,99.4037776887738
learned,e1faca667619e6e13dea,483.66796875,99.25437940139828
learned,9b619751b75c8a6ad1a0,483.66796875,99.1939014311064
learned,971fa9f2047ef0b7580b,483.66796875,99.31040090922436
learned,8e0f259737a8cf29adcd,483.66796875,99.33057549952088
learned,0b8b19a751055a1ec8a0,483.66796875,99.61654714856076
learned,7bf919583e8a809b8724,483.66796875,99.56482474245944
learned,7c84bae86fda676d4554,483.66796875,99.39551845773724
learned,fa8dca38dfc9570aba66,483.66796875,99.63987226796895
learned,759cbbc8629f7d2e495f,483.66796875,99.32712625778235
learned,2620f63214c6d4d53a2e,483.66796875,99.59536985700798
learned,71e9baf5ea98ffedf5a8,483.66796875,99.52985276193225
learned,a829012efaba7982ccf9,483.66796875,99.57632736890932
learned,f164d1a7b2bfad695ace,483.66796875,99.42635130392378
learned,97909eccc6227b59cdbd,483.66796875,99.43009923986229
learned,822ecb098d1efd5cc425,483.66796875,99.44640385857416
learned,344dee6d7742b737b6b8,483.66796875,99.61929905599658
learned,a090cb4a0dea5c618439,483.66796875,99.44443349842643
learned,0038ddc45cbe29596ba9,483.66796875,99.28457715397386
learned,92770e44f32b0fb3805b,483.66796875,99.47903393673572
learned,e164986e7efd9a941c8e,483.66796875,99.4524525842678
learned,66ea92408bb1d45e8a80,483.66796875,99.6263388325599
learned,5f27fa39b4d1da680538,483.66796875,99.58772470063325
learned,39bb040fb53a1d176cae,483.66796875,99.51438363927552
learned,5722417798e696c036a9,483.67578125,99.47546186704676
learned,470a9f15033b9d2fc3d8,483.67578125,99.5789526223903
learned,8a58d7d2fbec5278ad37,483.67578125,98.62386992238535
learned,d4dcc887e7e10d2bf5fa,483.67578125,99.0093732418465
learned,187e3af108481037ef18,483.67578125,98.83692346523472
learned,441b74bb0600359a5ae1,483.67578125,99.41480809480728
learned,119e22c1bc53d94525dc,483.67578125,99.56216680275332
learned,184cfe80bff425a554eb,483.6796875,99.38196935152352
learned,f5b6098226ef6b4d3008,483.6796875,99.3731936607574
learned,1718763bdc51740a7d7a,483.6796875,99.36000719715324
learned,42416e86d762cb8caf7a,483.6796875,99.30539581088412
learned,f04e6a8cd69749d35aab,483.6796875,99.3350072688988
learned,ead41664127f392d4b3a,483.68359375,99.43320432271474
learned,90e1209a31015bd22730,483.68359375,99.330203477913
learned,71d33942636767e8ed5a,483.68359375,99.4461064380441
learned,aca16af98b818790e01b,483.6875,99.10861470385846
